p_value_behst,term_id,source,quantile_behst,p_value_great,quantile_great,p_value_x,quantile_chip,quantile_sum,p_value_y,_merge,ground_truth,term_name
2.3884467518616797e-09,GO:0048598,GO:BP,0.01818181818181818,5.064415e-07,0.07581227436823104,9.10714526556292e-05,0.04573804573804574,0.13973213828809497,3.3530464853327e-17,both,0,embryonic morphogenesis
5.03493333168804e-08,GO:0048568,GO:BP,0.03636363636363636,4.566001e-06,0.1263537906137184,1.7222851895482005e-05,0.016632016632016633,0.17934944360937138,2.81693403051052e-05,both,0,embryonic organ development
1.8953300825498101e-07,GO:0048562,GO:BP,0.05454545454545454,4.250962e-06,0.12274368231046931,3.7932198968609494e-05,0.02286902286902287,0.20015815972494672,2.80099721633103e-07,both,0,embryonic organ morphogenesis
1.15107030234186e-06,GO:0009952,GO:BP,0.09090909090909091,0.0001010722,0.24548736462093862,1.57377768597222e-06,0.002079002079002079,0.3384754576090316,7.46834076302142e-08,both,0,anterior/posterior pattern specification
1.78552948918395e-06,GO:0009790,GO:BP,0.10909090909090909,9.051554e-06,0.1407942238267148,0.000372163349464232,0.11642411642411643,0.3663092493417403,2.12632839344125e-12,both,0,embryo development
3.25857403881488e-07,GO:0003002,GO:BP,0.07272727272727272,0.00012889209999999998,0.26353790613718414,7.650737919258871e-05,0.035343035343035345,0.3716082142074922,3.6306442383761295e-09,both,0,regionalization
3.34689692612882e-05,GO:0003700,GO:MF,0.21818181818181817,3.5639370000000007e-06,0.11552346570397112,0.000257020740962198,0.09563409563409564,0.42933937951988493,3.38712405609685e-11,both,0,DNA-binding transcription factor activity
6.35562190002183e-05,GO:0043565,GO:MF,0.2727272727272727,0.000159143,0.2815884476534296,0.000228524484957173,0.08731808731808732,0.6416338076987896,2.4591056271921798e-14,both,0,sequence-specific DNA binding
0.000119442435496346,GO:0035108,GO:BP,0.2909090909090909,0.0001465777,0.2743682310469314,0.000333719255247758,0.1101871101871102,0.6754644321431325,3.08398656412449e-26,both,0,limb morphogenesis
2.14705874793802e-06,GO:0000981,GO:MF,0.14545454545454545,0.0001241511,0.2563176895306859,0.00307750956366768,0.3201663201663202,0.7219385551515516,3.29299017699857e-12,both,0,"DNA-binding transcription factor activity, RNA polymerase II-specific"
2.48095891009485e-06,GO:0007389,GO:BP,0.16363636363636364,0.00277353,0.4259927797833935,0.0006036361420313509,0.14137214137214138,0.7310012847918985,1.9241677345224396e-11,both,0,pattern specification process
6.192041991931341e-05,GO:0009887,GO:BP,0.23636363636363636,1.744289e-05,0.1552346570397112,0.0037564352856418797,0.34511434511434513,0.7367126385176928,1.77581910389409e-13,both,0,animal organ morphogenesis
1.1505962123735901e-10,GO:0001501,GO:BP,0.0,0.001027554,0.38267148014440433,0.0113262540087012,0.5155925155925156,0.89826399573692,2.10746282783223e-19,both,0,skeletal system development
1.7960652921624e-06,GO:0048706,GO:BP,0.12727272727272726,0.0002025184,0.2851985559566787,0.0107945969232912,0.501039501039501,0.913510784268907,3.51568579275403e-10,both,0,embryonic skeletal system development
0.000752570374181807,GO:0060173,GO:BP,0.509090909090909,0.0001459229,0.27075812274368233,0.00073514360278385,0.158004158004158,0.9378531898387494,3.99305354885829e-30,both,0,limb development
0.00481297206458286,GO:0051254,GO:BP,0.7272727272727273,2.107189e-05,0.1624548736462094,0.00016814044070891202,0.06652806652806653,0.9562556674470032,3.95114819323971e-06,both,0,positive regulation of RNA metabolic process
0.00168746185845084,GO:0006357,GO:BP,0.5818181818181818,2.434051e-05,0.16967509025270758,0.00125545584808293,0.2079002079002079,0.9593934799710973,2.6857787117790197e-06,both,0,regulation of transcription by RNA polymerase II
0.00314898038406988,GO:0045893,GO:BP,0.6545454545454545,5.497461e-05,0.20577617328519857,0.000573911661226179,0.13097713097713098,0.9912987588077842,5.374323471426021e-07,both,0,"positive regulation of transcription, DNA-templated"
,GO:1903507,GO:BP,1.0,1.261371e-07,0.007220216606498195,6.867989446846949e-05,0.031185031185031187,1.0384052477915295,,left_only,1,negative regulation of nucleic acid-templated transcription
,GO:1902679,GO:BP,1.0,1.5314129999999998e-07,0.021660649819494584,7.505850563095591e-05,0.033264033264033266,1.054924683083528,,left_only,1,negative regulation of RNA biosynthetic process
,GO:0010558,GO:BP,1.0,2.58825e-07,0.032490974729241874,5.3818744335527396e-05,0.02702702702702703,1.0595180017562689,,left_only,1,negative regulation of macromolecule biosynthetic process
,GO:0009890,GO:BP,1.0,1.263501e-07,0.010830324909747292,0.00010414667071474,0.05197505197505198,1.0628053768847991,,left_only,1,negative regulation of biosynthetic process
0.0042445455603579395,GO:1902680,GO:BP,0.6909090909090909,6.323549e-05,0.22021660649819494,0.000695099476422625,0.15176715176715178,1.0628928491744376,1.26638149970215e-06,both,0,positive regulation of RNA biosynthetic process
,GO:0035295,GO:BP,1.0,3.721132e-07,0.05776173285198556,1.20191031725855e-05,0.008316008316008316,1.0660777411679938,4.30803598464124e-05,both,0,tube development
,GO:0031327,GO:BP,1.0,1.599478e-07,0.02527075812274368,8.541572064429399e-05,0.04158004158004158,1.0668507997027852,,left_only,1,negative regulation of cellular biosynthetic process
5.33576195582073e-06,GO:0048705,GO:BP,0.18181818181818182,0.003825771,0.4657039711191336,0.0065076995963355,0.42411642411642414,1.0716385770537395,5.0404769518680095e-14,both,0,skeletal system morphogenesis
,GO:2000113,GO:BP,1.0,1.382956e-07,0.018050541516245487,0.00019516208114182901,0.06860706860706861,1.086657610123314,,left_only,1,negative regulation of cellular macromolecule biosynthetic process
0.0047767152054783895,GO:0045935,GO:BP,0.7090909090909091,0.000128305,0.259927797833935,0.0004913201219607638,0.12266112266112267,1.0916798295859669,2.2885884208806893e-05,both,0,positive regulation of nucleobase-containing compound metabolic process
,GO:0045892,GO:BP,1.0,3.217892e-07,0.036101083032490974,0.00013770305134905902,0.056133056133056136,1.0922341391655472,,left_only,1,"negative regulation of transcription, DNA-templated"
,GO:0010629,GO:BP,1.0,3.42487e-07,0.04693140794223827,0.000120895853291979,0.05405405405405406,1.1009854619962924,,left_only,1,negative regulation of gene expression
,GO:0051172,GO:BP,1.0,3.514196e-07,0.05054151624548736,0.000144297472423899,0.058212058212058215,1.1087535744575456,,left_only,1,negative regulation of nitrogen compound metabolic process
1.7407209041786e-05,GO:0048704,GO:BP,0.2,0.005656906,0.5018050541516246,0.0061919694787892785,0.4178794178794179,1.1196844720310424,7.023103075027772e-10,both,0,embryonic skeletal system morphogenesis
0.00265162293684606,GO:0030326,GO:BP,0.6181818181818182,0.0004424769,0.34296028880866425,0.000825774192911615,0.1600831600831601,1.1212252670736425,8.95076612779081e-26,both,0,embryonic limb morphogenesis
,GO:0051253,GO:BP,1.0,3.778222e-07,0.06498194945848375,0.00015880133972340902,0.062370062370062374,1.1273520118285463,,left_only,1,negative regulation of RNA metabolic process
,GO:0007507,GO:BP,1.0,9.168879e-07,0.09025270758122744,0.000103367513950817,0.0498960498960499,1.1401487574772773,,left_only,1,heart development
0.00045870786250490597,GO:0010628,GO:BP,0.45454545454545453,0.0001368601,0.26714801444043323,0.00656068776140318,0.4261954261954262,1.147888895181314,1.1655632080333502e-08,both,0,positive regulation of gene expression
0.000616430432037891,GO:0001067,GO:MF,0.4909090909090909,0.002331619,0.4151624548736462,0.00209495674083203,0.2598752598752599,1.165946805657997,4.6678242873028e-09,both,0,regulatory region nucleic acid binding
,GO:0045934,GO:BP,1.0,8.375331e-07,0.08664259927797834,0.000253240062063895,0.09147609147609148,1.1781186907540697,,left_only,1,negative regulation of nucleobase-containing compound metabolic process
,GO:0021915,GO:BP,1.0,5.406467e-06,0.1299638989169675,0.00020339613751166002,0.07068607068607069,1.2006499696030382,,left_only,1,neural tube development
,GO:0090596,GO:BP,1.0,8.285552e-05,0.23104693140794225,1.6478759229037194e-05,0.014553014553014554,1.2455999459609568,,left_only,1,sensory organ morphogenesis
,GO:0021532,GO:BP,1.0,0.0001206024,0.2527075812274368,3.951000734921691e-06,0.006237006237006237,1.2589445874644432,,left_only,1,neural tube patterning
0.0161770637918878,GO:0010557,GO:BP,0.7636363636363637,0.0002737196,0.3176895306859206,0.00103500951242079,0.18711018711018712,1.2684360814324713,4.19918872623123e-06,both,0,positive regulation of macromolecule biosynthetic process
,GO:0050678,GO:BP,1.0,5.523464e-05,0.20938628158844766,0.000243190617067463,0.0893970893970894,1.2987833709855372,,left_only,1,regulation of epithelial cell proliferation
,GO:0002520,GO:BP,1.0,0.0002105882,0.296028880866426,2.84850386707417e-05,0.02079002079002079,1.3168189016564469,,left_only,1,immune system development
,GO:0048534,GO:BP,1.0,0.0002194331,0.2996389891696751,4.8419994384865e-05,0.02494802494802495,1.3245870141177,,left_only,1,hematopoietic or lymphoid organ development
0.0006052585915676848,GO:0044212,GO:MF,0.4727272727272727,0.004345026,0.4693140794223827,0.00519232831891607,0.3887733887733888,1.3308147409230442,4.41498574448118e-09,both,0,transcription regulatory region DNA binding
0.000119442435496346,GO:0035107,GO:BP,0.3090909090909091,,1.0,0.000333719255247758,0.10810810810810811,1.4171990171990172,3.08398656412449e-26,both,0,appendage morphogenesis
,GO:0051173,GO:BP,1.0,0.0002042777,0.2888086642599278,0.000573936309586633,0.13513513513513514,1.423943799395063,1.50296482439207e-05,both,0,positive regulation of nitrogen compound metabolic process
0.0183544566049307,GO:0031328,GO:BP,0.7818181818181819,0.001186383,0.3862815884476534,0.00212839521396795,0.26195426195426197,1.4300540322200974,2.01649908501019e-06,both,0,positive regulation of cellular biosynthetic process
,GO:0000122,GO:BP,1.0,1.6716679999999994e-05,0.15162454873646208,0.0022030941302937693,0.2785862785862786,1.4302108273227407,,left_only,1,negative regulation of transcription from RNA polymerase II promoter
0.0303631977127118,GO:0009792,GO:BP,0.8363636363636363,5.814981e-05,0.21660649819494585,0.00528011358193512,0.39293139293139295,1.4459015274899751,1.4266657341958801e-05,both,0,embryo development ending in birth or egg hatching
0.0019038660274060101,GO:0045944,GO:BP,0.6,0.003358506,0.45126353790613716,0.00549791502357325,0.40124740124740127,1.4525109391535382,4.1548897820252e-07,both,0,positive regulation of transcription by RNA polymerase II
,GO:0035136,GO:BP,1.0,0.002116128,0.40794223826714804,9.508306100939621e-05,0.04781704781704782,1.455759286084196,5.9479914013570496e-12,both,0,forelimb morphogenesis
,GO:0035239,GO:BP,1.0,1.756055e-05,0.1588447653429603,0.00276689675984098,0.30561330561330563,1.464458070956266,0.00443818498464244,both,0,tube morphogenesis
,GO:0072359,GO:BP,1.0,5.219068e-05,0.19133574007220217,0.0022516739151157,0.2806652806652807,1.472001020737483,,left_only,1,circulatory system development
,GO:0097094,GO:BP,1.0,0.0005181361,0.3574007220216607,0.00050240470752162,0.12474012474012475,1.4821408467617854,,left_only,1,craniofacial suture morphogenesis
,GO:0050679,GO:BP,1.0,0.001238631,0.3935018050541516,0.00036783327136592,0.11434511434511435,1.507846919399266,,left_only,1,positive regulation of epithelial cell proliferation
0.0265780644290374,GO:0009891,GO:BP,0.8181818181818182,0.001206594,0.3898916967509025,0.00268896682328355,0.30145530145530147,1.509528816388022,3.12515402203681e-06,both,0,positive regulation of biosynthetic process
,GO:1904888,GO:BP,1.0,0.0007028158,0.36462093862815886,0.00067114092806583,0.14760914760914762,1.5122300862373066,,left_only,1,cranial skeletal system development
0.000263116668833464,GO:0003690,GO:MF,0.38181818181818183,0.01249439,0.6209386281588448,0.0151900021983964,0.5488565488565489,1.5516133588335754,5.92860455260087e-09,both,0,double-stranded DNA binding
,GO:0043009,GO:BP,1.0,5.492261e-05,0.20216606498194944,0.0049951672124356715,0.38253638253638256,1.584702447518332,1.0760479645657302e-05,both,0,chordate embryonic development
,GO:0042733,GO:BP,1.0,0.0009710097,0.37906137184115524,0.0013328331673815401,0.21413721413721415,1.5931985859783695,0.000108769437599886,both,0,embryonic digit morphogenesis
,GO:0048641,GO:BP,1.0,0.00567844,0.5126353790613718,0.000255000361938425,0.09355509355509356,1.6061904726164653,0.0318902800621147,both,0,regulation of skeletal muscle tissue development
,GO:0061180,GO:BP,1.0,0.01002172,0.5812274368231047,6.49360345207177e-05,0.029106029106029108,1.6103334659291337,,left_only,1,mammary gland epithelium development
,GO:0035137,GO:BP,1.0,0.0005952638,0.36101083032490977,0.00201006873069721,0.2577962577962578,1.6188070881211676,5.5099078336052e-08,both,0,hindlimb morphogenesis
,GO:0030097,GO:BP,1.0,0.004387455,0.4729241877256318,0.000897375535272809,0.1704781704781705,1.6434023582038022,,left_only,1,hemopoiesis
0.000382249718064029,GO:0000977,GO:MF,0.41818181818181815,0.03671991,0.9097472924187726,0.00304265148705539,0.3180873180873181,1.6460164286879089,1.76579662731365e-10,both,0,RNA polymerase II regulatory region sequence-specific DNA binding
,GO:0060562,GO:BP,1.0,2.565366e-05,0.17328519855595667,0.0089826855986394,0.47401247401247404,1.6472976725684307,,left_only,1,epithelial tube morphogenesis
0.000441802238361496,GO:0001012,GO:MF,0.43636363636363634,0.03632394,0.9025270758122743,0.0031927084960823604,0.32432432432432434,1.663215036500235,2.02172646725694e-10,both,0,RNA polymerase II regulatory region DNA binding
,GO:0007423,GO:BP,1.0,0.003285622,0.4404332129963899,0.00150053735147755,0.22453222453222454,1.6649654375286145,0.0167699209226549,both,0,sensory organ development
,GO:0000975,GO:MF,1.0,0.002513266,0.4187725631768953,0.00194349819115377,0.2515592515592516,1.6703318147361468,,left_only,1,regulatory region DNA binding
,GO:0042471,GO:BP,1.0,0.003778937,0.4620938628158845,0.0012971734997292699,0.20997920997921,1.6720730727950943,,left_only,1,ear morphogenesis
,GO:0060840,GO:BP,1.0,0.003292841,0.44404332129963897,0.00157604935944353,0.23076923076923078,1.67481255206887,,left_only,1,artery development
0.000752570374181807,GO:0048736,GO:BP,0.5272727272727272,,1.0,0.00073514360278385,0.15592515592515593,1.6831978831978833,3.99305354885829e-30,both,0,appendage development
,GO:0035115,GO:BP,1.0,0.01081707,0.5992779783393501,0.000330132527507539,0.10602910602910603,1.7053070843684563,1.01395658891028e-08,both,0,embryonic forelimb morphogenesis
0.00027219776938167204,GO:0000976,GO:MF,0.4,0.02492862,0.8122743682310469,0.0116779836593855,0.5197505197505198,1.7320248879815665,5.50926102999161e-10,both,0,transcription regulatory region sequence-specific DNA binding
,GO:0042127,GO:BP,1.0,9.047388e-05,0.23826714801444043,0.0109523535594121,0.5051975051975052,1.7434646532119458,,left_only,1,regulation of cell proliferation
,GO:0021904,GO:BP,1.0,0.01043286,0.5884476534296029,0.000997612991341265,0.18295218295218296,1.7713998363817858,,left_only,1,dorsal/ventral neural tube patterning
,GO:0048729,GO:BP,1.0,0.0002915083,0.3212996389891697,0.00859195257942064,0.4594594594594595,1.7807590984486292,1.24802203923603e-05,both,0,tissue morphogenesis
0.00265162293684606,GO:0035113,GO:BP,0.6363636363636364,,1.0,0.000825774192911615,0.16216216216216217,1.7985257985257985,8.95076612779081e-26,both,0,embryonic appendage morphogenesis
0.0041887355450560704,GO:1903508,GO:BP,0.6727272727272727,,1.0,0.000573911661226179,0.13305613305613306,1.805783405783406,1.2513696239019501e-06,both,0,positive regulation of nucleic acid-templated transcription
,GO:0003007,GO:BP,1.0,0.0005111773,0.35018050541516244,0.00856020760058649,0.4573804573804574,1.80756096279562,,left_only,1,heart morphogenesis
,GO:0048538,GO:BP,1.0,0.01018432,0.5848375451263538,0.00155042290102315,0.2286902286902287,1.8135277738165825,,left_only,1,thymus development
,GO:0060548,GO:BP,1.0,0.003369647,0.4548736462093863,0.004584220079617771,0.3596673596673597,1.814541005876746,,left_only,1,negative regulation of cell death
,GO:0007498,GO:BP,1.0,0.004835325,0.48736462093862815,0.00338366105058233,0.3305613305613306,1.8179259514999588,,left_only,1,mesoderm development
,GO:0048844,GO:BP,1.0,0.008426513,0.5595667870036101,0.00255290428916255,0.288981288981289,1.8485480759848991,,left_only,1,artery morphogenesis
,GO:0003151,GO:BP,1.0,0.0008787894000000001,0.37545126353790614,0.00937582020736692,0.48440748440748443,1.8598587479453905,,left_only,1,outflow tract morphogenesis
,GO:0042476,GO:BP,1.0,0.005936916,0.5234657039711191,0.00389963838032605,0.3492723492723493,1.8727380532434683,,left_only,1,odontogenesis
,GO:0060021,GO:BP,1.0,0.01456644,0.6462093862815884,0.00155039045706654,0.22661122661122662,1.8728206128928149,,left_only,1,palate development
0.000170331189805599,GO:1990837,GO:MF,0.36363636363636365,0.03601852,0.8989169675090253,0.0182158508536072,0.6133056133056133,1.8758589444510023,1.18297948317405e-09,both,0,sequence-specific double-stranded DNA binding
,GO:0071470,GO:BP,1.0,0.03288533,0.8772563176895307,2.28295325032063e-07,0.0,1.8772563176895307,,left_only,1,cellular response to osmotic stress
,GO:0035116,GO:BP,1.0,0.003519302,0.4584837545126354,0.00781557542489189,0.4490644490644491,1.9075482035770845,0.00479335669763373,both,0,embryonic hindlimb morphogenesis
,GO:0019904,GO:MF,1.0,0.02505149,0.8194945848375451,0.000295263496319091,0.0997920997920998,1.919286684629645,,left_only,1,protein domain specific binding
0.0328858396504849,GO:0097659,GO:BP,0.8545454545454545,4.865336e-07,0.07220216606498195,,1.0,1.9267476206104366,3.75428827026226e-07,both,0,nucleic acid-templated transcription
,GO:0043583,GO:BP,1.0,0.004853755,0.49097472924187724,0.007794660779757059,0.446985446985447,1.9379601762273242,,left_only,1,ear development
,GO:0030879,GO:BP,1.0,0.01915416,0.7111913357400722,0.00167447018125867,0.23700623700623702,1.948197572746309,,left_only,1,mammary gland development
,GO:0048643,GO:BP,1.0,0.02540356,0.8267148014440433,0.000593749138719791,0.1392931392931393,1.9660079407371827,0.00275442858252848,both,0,positive regulation of skeletal muscle tissue development
0.0203147415815386,GO:0009954,GO:BP,0.8,,1.0,0.00088770328472287,0.1683991683991684,1.9683991683991684,1.55424747416495e-12,both,0,proximal/distal pattern formation
0.0367296725593636,GO:0032774,GO:BP,0.8909090909090909,7.957429e-07,0.08303249097472924,,1.0,1.9739415818838202,4.1479189621080397e-07,both,0,RNA biosynthetic process
,GO:0060429,GO:BP,1.0,0.0007868953,0.37184115523465705,0.0177178272601831,0.6029106029106029,1.9747517581452598,1.04125886296854e-06,both,0,epithelium development
,GO:0000982,GO:MF,1.0,0.007343829,0.5451263537906137,0.0077046257636806,0.4407484407484408,1.9858747945390545,,left_only,1,"transcription factor activity, RNA polymerase II core promoter proximal region sequence-specific binding"
0.0451508737323522,GO:1903506,GO:BP,0.9272727272727272,3.755909e-07,0.061371841155234655,,1.0,1.988644568427962,1.6357131446227602e-07,both,0,regulation of nucleic acid-templated transcription
,GO:0030165,GO:MF,1.0,0.03297633,0.8808664259927798,0.000348229457185345,0.11226611226611227,1.9931325382588923,,left_only,1,PDZ domain binding
0.0469771063671613,GO:2001141,GO:BP,0.9454545454545454,3.51833e-07,0.05415162454873646,,1.0,1.999606170003282,1.6888018042427402e-07,both,0,regulation of RNA biosynthetic process
,GO:0003677,GO:MF,1.0,6.291601e-08,0.0,,1.0,2.0,1.32458582818864e-10,both,0,DNA binding
,GO:0019438,GO:BP,1.0,1.136898e-07,0.0036101083032490976,,1.0,2.003610108303249,2.85155542125481e-06,both,0,aromatic compound biosynthetic process
,GO:0055075,GO:BP,1.0,,1.0,2.79045272202108e-06,0.004158004158004158,2.004158004158004,,left_only,1,potassium ion homeostasis
,GO:0043010,GO:BP,1.0,0.005661812,0.5090252707581228,0.0103450266276895,0.4968814968814969,2.00590676763962,,left_only,1,camera-type eye development
6.35314416091848e-05,GO:0000978,GO:MF,0.2545454545454545,,1.0,0.0292566506000736,0.7546777546777547,2.009223209223209,2.78787531517099e-07,both,0,RNA polymerase II cis-regulatory region sequence-specific DNA binding
,GO:1902188,GO:BP,1.0,,1.0,1.37813911271439e-05,0.010395010395010396,2.0103950103950106,,left_only,1,positive regulation of viral release from host cell
,GO:0006970,GO:BP,1.0,,1.0,1.58789750471659e-05,0.012474012474012475,2.0124740124740126,,left_only,1,response to osmotic stress
,GO:0048593,GO:BP,1.0,0.009964911,0.5776173285198556,0.00716932826801665,0.4365904365904366,2.0142077651102923,,left_only,1,camera-type eye morphogenesis
,GO:0018130,GO:BP,1.0,1.3686e-07,0.01444043321299639,,1.0,2.0144404332129966,1.2189818915682197e-05,both,0,heterocycle biosynthetic process
,GO:0086009,GO:BP,1.0,,1.0,2.68206359704655e-05,0.018711018711018712,2.0187110187110187,,left_only,1,membrane repolarization
,GO:0034654,GO:BP,1.0,2.01455e-07,0.02888086642599278,,1.0,2.0288808664259927,8.1218182383345e-06,both,0,nucleobase-containing compound biosynthetic process
,GO:0048145,GO:BP,1.0,0.00929556,0.5667870036101083,0.00870607783689881,0.46361746361746364,2.030404467227572,,left_only,1,regulation of fibroblast proliferation
,GO:0009948,GO:BP,1.0,0.02002323,0.7220216606498195,0.0028897565037291103,0.31185031185031187,2.0338719725001315,,left_only,1,anterior/posterior axis specification
,GO:0072080,GO:BP,1.0,0.0014064479999999998,0.3971119133574007,0.0205333528879641,0.6382536382536382,2.0353655516110387,,left_only,1,nephron tubule development
,GO:0010971,GO:BP,1.0,,1.0,7.91925022093754e-05,0.037422037422037424,2.0374220374220373,,left_only,1,positive regulation of G2/M transition of mitotic cell cycle
,GO:0001656,GO:BP,1.0,0.0031570770000000003,0.4368231046931408,0.017642204436489,0.6008316008316008,2.0376547055247416,0.000627101097719764,both,0,metanephros development
,GO:1902751,GO:BP,1.0,,1.0,7.96274108660472e-05,0.0395010395010395,2.0395010395010393,,left_only,1,positive regulation of cell cycle G2/M phase transition
,GO:1901362,GO:BP,1.0,3.27044e-07,0.039711191335740074,,1.0,2.0397111913357397,1.44823806538041e-06,both,0,organic cyclic compound biosynthetic process
0.0496182097426736,GO:0006351,GO:BP,0.9636363636363636,5.298639e-07,0.07942238267148015,,1.0,2.043058746307844,2.56723833087819e-07,both,0,"transcription, DNA-templated"
,GO:0006355,GO:BP,1.0,3.4134029999999993e-07,0.04332129963898917,,1.0,2.043321299638989,1.0664944807130301e-07,both,0,"regulation of transcription, DNA-templated"
,GO:0050673,GO:BP,1.0,,1.0,9.0237971714546e-05,0.04365904365904366,2.043659043659044,,left_only,1,epithelial cell proliferation
,GO:0045599,GO:BP,1.0,0.02888427,0.8483754512635379,0.00114302376374769,0.19750519750519752,2.0458806487687355,,left_only,1,negative regulation of fat cell differentiation
,GO:1902186,GO:BP,1.0,,1.0,0.000153746041149729,0.060291060291060294,2.0602910602910605,,left_only,1,regulation of viral release from host cell
,GO:0042693,GO:BP,1.0,,1.0,0.00016291403650136598,0.06444906444906445,2.0644490644490645,,left_only,1,muscle cell fate commitment
,GO:0044271,GO:BP,1.0,3.917479e-07,0.06859205776173286,,1.0,2.068592057761733,0.000133553539627938,both,0,cellular nitrogen compound biosynthetic process
,GO:0019076,GO:BP,1.0,,1.0,0.000219203355071637,0.07276507276507277,2.0727650727650726,,left_only,1,viral release from host cell
,GO:0048732,GO:BP,1.0,0.005938938,0.5270758122743683,0.01509884036621,0.5467775467775468,2.073853359051915,,left_only,1,gland development
,GO:0061326,GO:BP,1.0,0.001906264,0.4007220216606498,0.0227445186073931,0.6735966735966736,2.0743186952573236,,left_only,1,renal tubule development
,GO:0035890,GO:BP,1.0,,1.0,0.000219203355071637,0.07484407484407485,2.0748440748440746,,left_only,1,exit from host
,GO:0035891,GO:BP,1.0,,1.0,0.000219203355071637,0.07692307692307693,2.076923076923077,,left_only,1,exit from host cell
,GO:0003014,GO:BP,1.0,0.0004303905,0.33935018050541516,0.0276094420098953,0.738045738045738,2.077395918551153,,left_only,1,renal system process
,GO:0052126,GO:BP,1.0,,1.0,0.000219203355071637,0.079002079002079,2.079002079002079,,left_only,1,movement in host environment
,GO:0052192,GO:BP,1.0,,1.0,0.000219203355071637,0.08108108108108109,2.081081081081081,,left_only,1,movement in environment of other organism involved in symbiotic interaction
,GO:0046579,GO:BP,1.0,,1.0,0.00022567384973105,0.08316008316008316,2.083160083160083,,left_only,1,positive regulation of Ras protein signal transduction
,GO:0030856,GO:BP,1.0,0.01878952,0.7075812274368231,0.00486720360270229,0.3762993762993763,2.0838806037361994,,left_only,1,regulation of epithelial cell differentiation
,GO:0008171,GO:MF,1.0,,1.0,0.0002259808495733,0.08523908523908524,2.085239085239085,,left_only,1,O-methyltransferase activity
,GO:0010556,GO:BP,1.0,1.264962e-06,0.09386281588447654,,1.0,2.0938628158844765,1.6837317277342199e-06,both,0,regulation of macromolecule biosynthetic process
,GO:0051252,GO:BP,1.0,1.6045670000000004e-06,0.09747292418772563,,1.0,2.0974729241877257,1.17076781634504e-06,both,0,regulation of RNA metabolic process
,GO:0001071,GO:MF,1.0,,1.0,0.000273347920279285,0.09771309771309772,2.0977130977130978,,left_only,1,nucleic acid binding transcription factor activity
,GO:2000112,GO:BP,1.0,1.661409e-06,0.10108303249097472,,1.0,2.101083032490975,6.51476382595357e-07,both,0,regulation of cellular macromolecule biosynthetic process
,GO:0021545,GO:BP,1.0,,1.0,0.000319720273607111,0.10187110187110188,2.101871101871102,,left_only,1,cranial nerve development
,GO:0048741,GO:BP,1.0,,1.0,0.000329092577877879,0.10395010395010396,2.103950103950104,,left_only,1,skeletal muscle fiber development
,GO:0010468,GO:BP,1.0,1.9392e-06,0.10469314079422383,,1.0,2.1046931407942235,6.13801961374253e-08,both,0,regulation of gene expression
,GO:0006139,GO:BP,1.0,3.478571e-06,0.10830324909747292,,1.0,2.1083032490974727,0.00499000957145535,both,0,nucleobase-containing compound metabolic process
,GO:0048646,GO:BP,1.0,0.02123495,0.7581227436823105,0.0042370689639446785,0.35343035343035345,2.111553097112664,0.0135771321060038,both,0,anatomical structure formation involved in morphogenesis
,GO:0034645,GO:BP,1.0,3.551592e-06,0.11191335740072202,,1.0,2.111913357400722,3.57300536743966e-05,both,0,cellular macromolecule biosynthetic process
,GO:0030857,GO:BP,1.0,,1.0,0.00043243300042997,0.11850311850311851,2.1185031185031185,,left_only,1,negative regulation of epithelial cell differentiation
,GO:0009059,GO:BP,1.0,3.680472e-06,0.11913357400722022,,1.0,2.11913357400722,7.906041193160759e-05,both,0,macromolecule biosynthetic process
,GO:0060236,GO:BP,1.0,,1.0,0.0004688522531692349,0.12058212058212059,2.1205821205821205,,left_only,1,regulation of mitotic spindle organization
,GO:1900151,GO:BP,1.0,,1.0,0.000504622339431958,0.12681912681912683,2.126819126819127,,left_only,1,"regulation of nuclear-transcribed mRNA catabolic process, deadenylation-dependent decay"
,GO:0008284,GO:BP,1.0,0.005754263000000001,0.516245487364621,0.0180673403525943,0.6112266112266113,2.127472098591232,,left_only,1,positive regulation of cell proliferation
,GO:1900153,GO:BP,1.0,,1.0,0.000504622339431958,0.1288981288981289,2.128898128898129,,left_only,1,"positive regulation of nuclear-transcribed mRNA catabolic process, deadenylation-dependent decay"
,GO:0031326,GO:BP,1.0,5.922761e-06,0.13357400722021662,,1.0,2.1335740072202167,1.0087055563341801e-06,both,0,regulation of cellular biosynthetic process
,GO:0009889,GO:BP,1.0,7.385696e-06,0.1371841155234657,,1.0,2.137184115523466,1.7256071777469604e-06,both,0,regulation of biosynthetic process
,GO:0010830,GO:BP,1.0,,1.0,0.0005904924740789839,0.13721413721413722,2.137214137214137,0.0029262265275616,both,0,regulation of myotube differentiation
,GO:0003206,GO:BP,1.0,0.02497891,0.8158844765342961,0.00310523621311363,0.32224532224532226,2.138129798779618,,left_only,1,cardiac chamber morphogenesis
,GO:0007368,GO:BP,1.0,,1.0,0.0006041970929531018,0.14345114345114346,2.1434511434511436,,left_only,1,determination of left/right symmetry
,GO:0046483,GO:BP,1.0,1.168408e-05,0.1444043321299639,,1.0,2.144404332129964,0.00903868836743957,both,0,heterocycle metabolic process
,GO:0051057,GO:BP,1.0,,1.0,0.000650322726067081,0.14553014553014554,2.1455301455301456,,left_only,1,positive regulation of small GTPase mediated signal transduction
,GO:0019219,GO:BP,1.0,1.629712e-05,0.148014440433213,,1.0,2.148014440433213,6.30585299476977e-06,both,0,regulation of nucleobase-containing compound metabolic process
,GO:0055067,GO:BP,1.0,,1.0,0.000672012966446476,0.1496881496881497,2.1496881496881497,,left_only,1,monovalent inorganic cation homeostasis
,GO:0007220,GO:BP,1.0,,1.0,0.000712204988849883,0.15384615384615385,2.1538461538461537,,left_only,1,Notch receptor processing
,GO:0046718,GO:BP,1.0,,1.0,0.00085758915743178,0.16424116424116425,2.1642411642411643,,left_only,1,viral entry into host cell
,GO:0002521,GO:BP,1.0,0.02892519,0.851985559566787,0.0029385117450440607,0.31392931392931395,2.165914873496101,,left_only,1,leukocyte differentiation
,GO:0051171,GO:BP,1.0,2.417428e-05,0.16606498194945848,,1.0,2.166064981949458,1.56316720234904e-05,both,0,regulation of nitrogen compound metabolic process
,GO:0044090,GO:BP,1.0,,1.0,0.0008850474405896801,0.16632016632016633,2.1663201663201663,,left_only,1,positive regulation of vacuole organization
,GO:1901215,GO:BP,1.0,0.01296654,0.6353790613718412,0.0138851671571271,0.5363825363825364,2.1717615977543776,,left_only,1,negative regulation of neuron death
,GO:0030004,GO:BP,1.0,,1.0,0.0009217824737521213,0.17255717255717257,2.1725571725571724,,left_only,1,cellular monovalent inorganic cation homeostasis
,GO:0090169,GO:BP,1.0,,1.0,0.0009421121637436213,0.17463617463617465,2.1746361746361744,,left_only,1,regulation of spindle assembly
,GO:0071364,GO:BP,1.0,,1.0,0.0009474203786447779,0.17671517671517672,2.176715176715177,,left_only,1,cellular response to epidermal growth factor stimulus
,GO:0006725,GO:BP,1.0,2.765067e-05,0.17689530685920576,,1.0,2.1768953068592056,0.0123463557411295,both,0,cellular aromatic compound metabolic process
,GO:0031579,GO:BP,1.0,,1.0,0.0009538863876302919,0.1787941787941788,2.178794178794179,,left_only,1,membrane raft organization
,GO:1901576,GO:BP,1.0,4.248936e-05,0.18050541516245489,,1.0,2.1805054151624548,0.000587050238344215,both,0,organic substance biosynthetic process
,GO:0003351,GO:BP,1.0,,1.0,0.000956738553514618,0.18087318087318088,2.180873180873181,,left_only,1,epithelial cilium movement
,GO:0034641,GO:BP,1.0,4.397402e-05,0.18411552346570398,,1.0,2.184115523465704,0.0365541888966098,both,0,cellular nitrogen compound metabolic process
,GO:0010831,GO:BP,1.0,,1.0,0.00100706764761405,0.18503118503118504,2.185031185031185,0.0160401900872676,both,0,positive regulation of myotube differentiation
,GO:0003676,GO:MF,1.0,5.032294e-05,0.18772563176895307,,1.0,2.187725631768953,8.94339173538047e-05,both,0,nucleic acid binding
,GO:0009855,GO:BP,1.0,,1.0,0.00112168432668294,0.1891891891891892,2.189189189189189,,left_only,1,determination of bilateral symmetry
,GO:0043588,GO:BP,1.0,,1.0,0.00112733763698303,0.19126819126819128,2.1912681912681915,,left_only,1,skin development
,GO:0061099,GO:BP,1.0,,1.0,0.0011362716567366801,0.19334719334719336,2.1933471933471935,,left_only,1,negative regulation of protein tyrosine kinase activity
,GO:0090304,GO:BP,1.0,5.278065e-05,0.19494584837545126,,1.0,2.1949458483754514,0.00195137218903925,both,0,nucleic acid metabolic process
,GO:0051402,GO:BP,1.0,,1.0,0.00114138062910882,0.19542619542619544,2.1954261954261955,,left_only,1,neuron apoptotic process
,GO:0044249,GO:BP,1.0,5.425115e-05,0.19855595667870035,,1.0,2.1985559566787005,0.0003918259205067,both,0,cellular biosynthetic process
,GO:0007351,GO:BP,1.0,,1.0,0.0012114656588486,0.1995841995841996,2.1995841995841996,,left_only,1,tripartite regional subdivision
,GO:0008595,GO:BP,1.0,,1.0,0.0012114656588486,0.20166320166320167,2.2016632016632016,,left_only,1,"anterior/posterior axis specification, embryo"
,GO:0009799,GO:BP,1.0,,1.0,0.0012345698599823699,0.20374220374220375,2.2037422037422036,,left_only,1,specification of symmetry
,GO:0061014,GO:BP,1.0,,1.0,0.00125301686201718,0.20582120582120583,2.2058212058212057,,left_only,1,positive regulation of mRNA catabolic process
,GO:0048483,GO:BP,1.0,0.02673497,0.8411552346570397,0.0046680896340380714,0.367983367983368,2.2091386026404076,,left_only,1,autonomic nervous system development
,GO:0048592,GO:BP,1.0,0.02102183,0.7436823104693141,0.008731418853134559,0.4656964656964657,2.2093787761657797,,left_only,1,eye morphogenesis
,GO:0035909,GO:BP,1.0,,1.0,0.00132551363856276,0.21205821205821207,2.212058212058212,,left_only,1,aorta morphogenesis
,GO:0006807,GO:BP,1.0,5.674042e-05,0.21299638989169675,,1.0,2.2129963898916967,,left_only,1,nitrogen compound metabolic process
,GO:0045787,GO:BP,1.0,,1.0,0.00137607547199081,0.21621621621621623,2.2162162162162162,,left_only,1,positive regulation of cell cycle
,GO:0001919,GO:BP,1.0,,1.0,0.0013980965808232599,0.2182952182952183,2.2182952182952183,,left_only,1,regulation of receptor recycling
,GO:0070849,GO:BP,1.0,,1.0,0.00143601454844321,0.2203742203742204,2.2203742203742203,,left_only,1,response to epidermal growth factor
,GO:0014904,GO:BP,1.0,,1.0,0.00145644880184262,0.22245322245322247,2.2224532224532223,,left_only,1,myotube cell development
,GO:0060443,GO:BP,1.0,0.03926591,0.927797833935018,0.00264164531997924,0.29521829521829523,2.2230161291533133,,left_only,1,mammary gland morphogenesis
,GO:0016070,GO:BP,1.0,6.946729e-05,0.22382671480144403,,1.0,2.223826714801444,0.000156006967485157,both,0,RNA metabolic process
,GO:0009058,GO:BP,1.0,8.117048e-05,0.22743682310469315,,1.0,2.2274368231046933,0.000997521911029699,both,0,biosynthetic process
0.00123227749771994,GO:0009653,GO:BP,0.5454545454545454,0.01662299,0.6859205776173285,,1.0,2.231375123071874,3.67412843575038e-14,both,0,anatomical structure morphogenesis
,GO:2000678,GO:BP,1.0,,1.0,0.00162253225313184,0.23284823284823286,2.232848232848233,,left_only,1,negative regulation of transcription regulatory region DNA binding
,GO:1901360,GO:BP,1.0,8.841461e-05,0.23465703971119134,,1.0,2.234657039711191,0.00891075684718627,both,0,organic cyclic compound metabolic process
,GO:0086011,GO:BP,1.0,,1.0,0.0016316028569495,0.23492723492723494,2.234927234927235,,left_only,1,membrane repolarization during action potential
,GO:0009070,GO:BP,1.0,,1.0,0.00173104679188769,0.2390852390852391,2.239085239085239,,left_only,1,serine family amino acid biosynthetic process
,GO:0042813,GO:MF,1.0,,1.0,0.0017679537738721802,0.24116424116424118,2.241164241164241,,left_only,1,Wnt-activated receptor activity
,GO:0048523,GO:BP,1.0,9.493395e-05,0.24187725631768953,,1.0,2.2418772563176894,,left_only,1,negative regulation of cellular process
,GO:0072089,GO:BP,1.0,,1.0,0.0018476923872772601,0.24324324324324326,2.2432432432432434,,left_only,1,stem cell proliferation
,GO:0090224,GO:BP,1.0,,1.0,0.001859864103939,0.24532224532224534,2.2453222453222454,,left_only,1,regulation of spindle organization
,GO:0014902,GO:BP,1.0,,1.0,0.00186167668162026,0.24740124740124741,2.2474012474012475,,left_only,1,myotube differentiation
,GO:0010605,GO:BP,1.0,0.0001117245,0.2490974729241877,,1.0,2.2490974729241877,,left_only,1,negative regulation of macromolecule metabolic process
,GO:0021602,GO:BP,1.0,,1.0,0.0018632451872008199,0.2494802494802495,2.2494802494802495,,left_only,1,cranial nerve morphogenesis
,GO:0008649,GO:MF,1.0,,1.0,0.00196288331720476,0.25363825363825365,2.2536382536382535,,left_only,1,rRNA methyltransferase activity
,GO:0030878,GO:BP,1.0,,1.0,0.00198297801349333,0.25571725571725573,2.2557172557172556,,left_only,1,thyroid gland development
,GO:0048754,GO:BP,1.0,0.0002457867,0.30324909747292417,0.0477658140915052,0.9584199584199584,2.2616690558928827,,left_only,1,branching morphogenesis of an epithelial tube
,GO:0070166,GO:BP,1.0,,1.0,0.002136043599744,0.26403326403326405,2.264033264033264,,left_only,1,enamel mineralization
,GO:0003205,GO:BP,1.0,0.01276779,0.628158844765343,0.0202585113229042,0.6361746361746362,2.264333480939979,,left_only,1,cardiac chamber development
,GO:0009888,GO:BP,1.0,0.01640559,0.6714801444043321,0.017551739270885,0.5945945945945946,2.2660747389989266,7.881669526622909e-11,both,0,tissue development
,GO:0030260,GO:BP,1.0,,1.0,0.00214229699297241,0.2661122661122661,2.266112266112266,,left_only,1,entry into host cell
,GO:0044409,GO:BP,1.0,,1.0,0.00214229699297241,0.2681912681912682,2.268191268191268,,left_only,1,entry into host
,GO:0051806,GO:BP,1.0,,1.0,0.00214229699297241,0.2702702702702703,2.27027027027027,,left_only,1,entry into cell of other organism involved in symbiotic interaction
,GO:0051828,GO:BP,1.0,,1.0,0.00214229699297241,0.27234927234927236,2.272349272349272,,left_only,1,entry into other organism involved in symbiotic interaction
,GO:0070997,GO:BP,1.0,,1.0,0.00214321941984117,0.27442827442827444,2.274428274428274,,left_only,1,neuron death
,GO:2001014,GO:BP,1.0,,1.0,0.00218583969140323,0.2765072765072765,2.2765072765072767,,left_only,1,regulation of skeletal muscle cell differentiation
,GO:0090037,GO:BP,1.0,0.0001517019,0.2779783393501805,,1.0,2.2779783393501805,,left_only,1,positive regulation of protein kinase C signaling
,GO:0001654,GO:BP,1.0,0.02285128,0.7833935018050542,0.0102834042093042,0.49480249480249483,2.278195996607549,,left_only,1,eye development
,GO:0060485,GO:BP,1.0,0.0007286857000000001,0.36823104693140796,0.042910258074223,0.9106029106029107,2.2788339575343186,,left_only,1,mesenchyme development
0.00012501167416891399,GO:0000987,GO:MF,0.32727272727272727,,1.0,0.0476124076230027,0.9542619542619543,2.2815346815346813,4.7130907369569206e-07,both,0,cis-regulatory region sequence-specific DNA binding
,GO:0048557,GO:BP,1.0,,1.0,0.0023323209501963397,0.28274428274428276,2.2827442827442828,,left_only,1,embryonic digestive tract morphogenesis
,GO:0019058,GO:BP,1.0,,1.0,0.00236658523148028,0.28482328482328484,2.284823284823285,,left_only,1,viral life cycle
,GO:0060306,GO:BP,1.0,,1.0,0.00237452913279473,0.2869022869022869,2.286902286902287,,left_only,1,regulation of membrane repolarization
,GO:0061351,GO:BP,1.0,0.002900357,0.4296028880866426,0.0376131465249586,0.8607068607068608,2.2903097487935034,,left_only,1,neural precursor cell proliferation
,GO:0072091,GO:BP,1.0,,1.0,0.00257622280069767,0.2910602910602911,2.2910602910602913,,left_only,1,regulation of stem cell proliferation
,GO:0060363,GO:BP,1.0,0.0002081292,0.2924187725631769,,1.0,2.2924187725631766,,left_only,1,cranial suture morphogenesis
,GO:0051701,GO:BP,1.0,,1.0,0.00263126802968738,0.29313929313929316,2.2931392931392933,,left_only,1,interaction with host
,GO:0090068,GO:BP,1.0,,1.0,0.0026504286708945697,0.2972972972972973,2.2972972972972974,,left_only,1,positive regulation of cell cycle process
,GO:0043069,GO:BP,1.0,0.006811313,0.5379061371841155,0.0294077041235036,0.760914760914761,2.2988208980988767,,left_only,1,negative regulation of programmed cell death
,GO:0001881,GO:BP,1.0,,1.0,0.00265451697081687,0.2993762993762994,2.2993762993762994,,left_only,1,receptor recycling
,GO:0002009,GO:BP,1.0,0.000507631,0.34657039711191334,0.0476848315148197,0.9563409563409564,2.3029113534528696,0.0494581551286589,both,0,morphogenesis of an epithelium
,GO:0031167,GO:BP,1.0,,1.0,0.00276585145972001,0.30353430353430355,2.3035343035343034,,left_only,1,rRNA methylation
,GO:0009892,GO:BP,1.0,0.0002515736,0.30685920577617326,,1.0,2.306859205776173,,left_only,1,negative regulation of metabolic process
,GO:2000737,GO:BP,1.0,,1.0,0.00277513606808317,0.3076923076923077,2.3076923076923075,,left_only,1,negative regulation of stem cell differentiation
,GO:0045655,GO:BP,1.0,,1.0,0.0028606771032770604,0.3097713097713098,2.30977130977131,,left_only,1,regulation of monocyte differentiation
,GO:0010467,GO:BP,1.0,0.0002586582,0.3104693140794224,,1.0,2.3104693140794224,2.89278100697081e-05,both,0,gene expression
,GO:0060644,GO:BP,1.0,0.04309844,0.9494584837545126,0.00461987848007352,0.36382536382536385,2.3132838475798763,,left_only,1,mammary gland epithelial cell differentiation
,GO:0048762,GO:BP,1.0,0.0002697411,0.3140794223826715,,1.0,2.3140794223826715,,left_only,1,mesenchymal cell differentiation
,GO:0032801,GO:BP,1.0,,1.0,0.00297632091925249,0.316008316008316,2.316008316008316,,left_only,1,receptor catabolic process
,GO:0048519,GO:BP,1.0,0.0003141999,0.3249097472924188,,1.0,2.324909747292419,,left_only,1,negative regulation of biological process
,GO:0045747,GO:BP,1.0,,1.0,0.0032564218658182893,0.3264033264033264,2.3264033264033266,,left_only,1,positive regulation of Notch signaling pathway
,GO:0042472,GO:BP,1.0,,1.0,0.00334522588832869,0.3284823284823285,2.3284823284823286,,left_only,1,inner ear morphogenesis
,GO:0060255,GO:BP,1.0,0.00035138220000000003,0.3285198555956679,,1.0,2.328519855595668,5.42089437905921e-06,both,0,regulation of macromolecule metabolic process
,GO:0033128,GO:BP,1.0,0.0004093523,0.33212996389891697,,1.0,2.3321299638989172,,left_only,1,negative regulation of histone phosphorylation
,GO:0043523,GO:BP,1.0,,1.0,0.003582881646142429,0.33264033264033266,2.3326403326403327,,left_only,1,regulation of neuron apoptotic process
,GO:0036035,GO:BP,1.0,,1.0,0.0035968674175069298,0.33471933471933474,2.3347193347193347,,left_only,1,osteoclast development
,GO:0044260,GO:BP,1.0,0.0004098987,0.33574007220216606,,1.0,2.335740072202166,0.00512688394639661,both,0,cellular macromolecule metabolic process
,GO:0060411,GO:BP,1.0,,1.0,0.0036154761274984,0.3367983367983368,2.3367983367983367,,left_only,1,cardiac septum morphogenesis
,GO:0017091,GO:MF,1.0,,1.0,0.00363667741010815,0.3388773388773389,2.3388773388773387,,left_only,1,AU-rich element binding
,GO:0045616,GO:BP,1.0,,1.0,0.00363712828423523,0.340956340956341,2.3409563409563408,,left_only,1,regulation of keratinocyte differentiation
,GO:0030183,GO:BP,1.0,,1.0,0.0037042297050492203,0.34303534303534305,2.343035343035343,,left_only,1,B cell differentiation
0.000145407404245602,GO:0035326,GO:MF,0.34545454545454546,,1.0,,1.0,2.3454545454545457,5.35567190510175e-07,both,0,cis-regulatory region binding
,GO:0045931,GO:BP,1.0,,1.0,0.00383839274178615,0.3471933471933472,2.3471933471933473,,left_only,1,positive regulation of mitotic cell cycle
,GO:1901214,GO:BP,1.0,,1.0,0.0041626479032372,0.35135135135135137,2.3513513513513513,,left_only,1,regulation of neuron death
,GO:0031324,GO:BP,1.0,0.0005167671,0.35379061371841153,,1.0,2.3537906137184113,,left_only,1,negative regulation of cellular metabolic process
,GO:0035025,GO:BP,1.0,,1.0,0.00428079814363883,0.35550935550935553,2.3555093555093554,,left_only,1,positive regulation of Rho protein signal transduction
,GO:0007519,GO:BP,1.0,,1.0,0.00438175185627261,0.3575883575883576,2.357588357588358,5.708813672971061e-06,both,0,skeletal muscle tissue development
,GO:0022029,GO:BP,1.0,,1.0,0.0045879437304243795,0.36174636174636177,2.361746361746362,,left_only,1,telencephalon cell migration
,GO:0045165,GO:BP,1.0,0.02565002,0.8339350180505415,0.013040211538099,0.5280665280665281,2.3620015461170696,5.46465369676576e-08,both,0,cell fate commitment
,GO:0021885,GO:BP,1.0,,1.0,0.00464253042256309,0.3659043659043659,2.365904365904366,,left_only,1,forebrain cell migration
,GO:0010564,GO:BP,1.0,,1.0,0.00477256192404422,0.3700623700623701,2.37006237006237,,left_only,1,regulation of cell cycle process
,GO:0032964,GO:BP,1.0,,1.0,0.0048204472759441,0.37214137214137216,2.372141372141372,,left_only,1,collagen biosynthetic process
,GO:0035313,GO:BP,1.0,,1.0,0.0048401828612586704,0.37422037422037424,2.374220374220374,,left_only,1,"wound healing, spreading of epidermal cells"
,GO:0045604,GO:BP,1.0,0.02435776,0.7942238267148014,0.0166461270930176,0.58004158004158,2.3742654067563813,,left_only,1,regulation of epidermal cell differentiation
,GO:0045296,GO:MF,1.0,,1.0,0.00498113030566406,0.3783783783783784,2.3783783783783785,,left_only,1,cadherin binding
,GO:0021675,GO:BP,1.0,,1.0,0.00498858391390724,0.3804573804573805,2.3804573804573805,,left_only,1,nerve development
,GO:0055078,GO:BP,1.0,,1.0,0.00504860048167146,0.38461538461538464,2.3846153846153846,,left_only,1,sodium ion homeostasis
,GO:0048747,GO:BP,1.0,,1.0,0.00506666051272248,0.3866943866943867,2.3866943866943866,,left_only,1,muscle fiber development
,GO:0098641,GO:MF,1.0,,1.0,0.00525047360951017,0.3908523908523909,2.390852390852391,,left_only,1,cadherin binding involved in cell-cell adhesion
,GO:0051726,GO:BP,1.0,,1.0,0.0053744170677130715,0.39501039501039503,2.395010395010395,,left_only,1,regulation of cell cycle
,GO:0030325,GO:BP,1.0,,1.0,0.0054407642942079296,0.3970893970893971,2.397089397089397,,left_only,1,adrenal gland development
,GO:0060603,GO:BP,1.0,,1.0,0.005497803677025221,0.3991683991683992,2.399168399168399,,left_only,1,mammary gland duct morphogenesis
,GO:0033077,GO:BP,1.0,,1.0,0.00555446204814244,0.40332640332640335,2.4033264033264032,,left_only,1,T cell differentiation in thymus
,GO:0080090,GO:BP,1.0,0.002088825,0.4043321299638989,,1.0,2.404332129963899,3.57346335991633e-05,both,0,regulation of primary metabolic process
,GO:1903313,GO:BP,1.0,,1.0,0.005574514954240071,0.40540540540540543,2.4054054054054053,,left_only,1,positive regulation of mRNA metabolic process
0.00951792819322707,GO:0006366,GO:BP,0.7454545454545455,0.01613019,0.6606498194945848,,1.0,2.4061043649491305,4.7417413694686094e-06,both,0,transcription by RNA polymerase II
,GO:0007033,GO:BP,1.0,,1.0,0.00571147239286801,0.4074844074844075,2.4074844074844073,,left_only,1,vacuole organization
,GO:0007588,GO:BP,1.0,,1.0,0.0057528829766605,0.4095634095634096,2.4095634095634098,,left_only,1,excretion
,GO:0061138,GO:BP,1.0,0.002179209,0.41155234657039713,,1.0,2.411552346570397,,left_only,1,morphogenesis of a branching epithelium
,GO:0010941,GO:BP,1.0,,1.0,0.00595848212817461,0.41164241164241167,2.4116424116424118,,left_only,1,regulation of cell death
,GO:0061157,GO:BP,1.0,,1.0,0.00604368637489396,0.41372141372141374,2.413721413721414,,left_only,1,mRNA destabilization
,GO:0050779,GO:BP,1.0,,1.0,0.00612310876745541,0.4158004158004158,2.415800415800416,,left_only,1,RNA destabilization
,GO:0048820,GO:BP,1.0,,1.0,0.00636694609321192,0.41995841995842,2.41995841995842,,left_only,1,hair follicle maturation
,GO:0021795,GO:BP,1.0,,1.0,0.00647912392703635,0.42203742203742206,2.422037422037422,,left_only,1,cerebral cortex cell migration
,GO:0048701,GO:BP,1.0,0.002643676,0.4223826714801444,,1.0,2.422382671480144,,left_only,1,embryonic cranial skeleton morphogenesis
,GO:0045596,GO:BP,1.0,,1.0,0.00677468375819405,0.4282744282744283,2.4282744282744284,,left_only,1,negative regulation of cell differentiation
,GO:0004190,GO:MF,1.0,,1.0,0.00686500948228674,0.4303534303534304,2.4303534303534304,,left_only,1,aspartic-type endopeptidase activity
,GO:0070001,GO:MF,1.0,,1.0,0.00693465094672219,0.43243243243243246,2.4324324324324325,,left_only,1,aspartic-type peptidase activity
,GO:0019222,GO:BP,1.0,0.003102306,0.4332129963898917,,1.0,2.4332129963898916,6.1002067300367796e-05,both,0,regulation of metabolic process
,GO:0099622,GO:BP,1.0,,1.0,0.0070852096923102095,0.43451143451143454,2.4345114345114345,,left_only,1,cardiac muscle cell membrane repolarization
,GO:0086002,GO:BP,1.0,,1.0,0.0073807045676587794,0.4386694386694387,2.4386694386694385,,left_only,1,cardiac muscle cell action potential involved in contraction
,GO:0097186,GO:BP,1.0,,1.0,0.0077648701964877,0.44282744282744285,2.442827442827443,,left_only,1,amelogenesis
,GO:0070182,GO:MF,1.0,,1.0,0.00777396259799094,0.44490644490644493,2.444906444906445,,left_only,1,DNA polymerase binding
,GO:0072171,GO:BP,1.0,0.003294239,0.44765342960288806,,1.0,2.4476534296028882,,left_only,1,mesonephric tubule morphogenesis
,GO:0061013,GO:BP,1.0,,1.0,0.0080201111484817,0.45114345114345117,2.451143451143451,,left_only,1,regulation of mRNA catabolic process
,GO:0072009,GO:BP,1.0,0.006775614,0.5342960288808665,0.0433410010646826,0.918918918918919,2.4532149477997853,,left_only,1,nephron epithelium development
,GO:0007350,GO:BP,1.0,,1.0,0.00835791128676721,0.45322245322245325,2.453222453222453,,left_only,1,blastoderm segmentation
,GO:0042474,GO:BP,1.0,,1.0,0.00838563390299936,0.4553014553014553,2.455301455301455,,left_only,1,middle ear morphogenesis
,GO:0009069,GO:BP,1.0,,1.0,0.00869943670256662,0.46153846153846156,2.4615384615384617,,left_only,1,serine family amino acid metabolic process
,GO:0044088,GO:BP,1.0,,1.0,0.00881329973978528,0.4677754677754678,2.4677754677754677,,left_only,1,regulation of vacuole organization
,GO:0071392,GO:BP,1.0,,1.0,0.00884910566007356,0.4698544698544699,2.4698544698544698,,left_only,1,cellular response to estradiol stimulus
,GO:0001947,GO:BP,1.0,,1.0,0.00893377559669762,0.47193347193347196,2.471933471933472,,left_only,1,heart looping
,GO:0034505,GO:BP,1.0,,1.0,0.00902317325909278,0.4760914760914761,2.4760914760914763,,left_only,1,tooth mineralization
,GO:0001763,GO:BP,1.0,0.00444947,0.47653429602888087,,1.0,2.476534296028881,,left_only,1,morphogenesis of a branching structure
,GO:0043524,GO:BP,1.0,0.01876211,0.703971119133574,0.0308820397197383,0.7733887733887734,2.4773598925223475,,left_only,1,negative regulation of neuron apoptotic process
,GO:0003012,GO:BP,1.0,,1.0,0.009034844382310293,0.4781704781704782,2.4781704781704783,,left_only,1,muscle system process
,GO:0042473,GO:BP,1.0,0.004541743,0.48014440433212996,,1.0,2.4801444043321297,,left_only,1,outer ear morphogenesis
,GO:0048144,GO:BP,1.0,,1.0,0.0091053891616676,0.4802494802494803,2.4802494802494803,,left_only,1,fibroblast proliferation
,GO:0010984,GO:BP,1.0,,1.0,0.009372909186077829,0.48232848232848236,2.4823284823284824,,left_only,1,regulation of lipoprotein particle clearance
,GO:0072210,GO:BP,1.0,0.004732735,0.48375451263537905,,1.0,2.483754512635379,,left_only,1,metanephric nephron development
,GO:0021514,GO:BP,1.0,,1.0,0.00966675832035705,0.4864864864864865,2.4864864864864864,,left_only,1,ventral spinal cord interneuron differentiation
,GO:0030216,GO:BP,1.0,,1.0,0.00973309179397096,0.4885654885654886,2.4885654885654884,,left_only,1,keratinocyte differentiation
,GO:0061371,GO:BP,1.0,,1.0,0.00998123860175345,0.49064449064449067,2.490644490644491,,left_only,1,determination of heart left/right asymmetry
,GO:0060538,GO:BP,1.0,,1.0,0.0100562780118574,0.49272349272349275,2.492723492723493,8.843600590374301e-06,both,0,skeletal muscle organ development
,GO:0048513,GO:BP,1.0,0.005131755,0.49458483754512633,,1.0,2.4945848375451263,6.35186823507735e-13,both,0,animal organ development
,GO:0061309,GO:BP,1.0,0.00547553,0.4981949458483754,,1.0,2.4981949458483754,,left_only,1,cardiac neural crest cell development involved in outflow tract morphogenesis
,GO:1901992,GO:BP,1.0,,1.0,0.0104257133922965,0.498960498960499,2.498960498960499,,left_only,1,positive regulation of mitotic cell cycle phase transition
,GO:0002011,GO:BP,1.0,,1.0,0.0108616189466587,0.5031185031185031,2.503118503118503,,left_only,1,morphogenesis of an epithelial sheet
,GO:0031323,GO:BP,1.0,0.005658956999999999,0.5054151624548736,,1.0,2.5054151624548737,2.1582342222712697e-05,both,0,regulation of cellular metabolic process
,GO:0033599,GO:BP,1.0,,1.0,0.0110453873231135,0.5072765072765073,2.507276507276507,,left_only,1,regulation of mammary gland epithelial cell proliferation
,GO:0044319,GO:BP,1.0,,1.0,0.0112001117699516,0.5093555093555093,2.509355509355509,,left_only,1,"wound healing, spreading of cells"
,GO:0090505,GO:BP,1.0,,1.0,0.0112001117699516,0.5114345114345115,2.5114345114345116,,left_only,1,epiboly involved in wound healing
,GO:0032869,GO:BP,1.0,,1.0,0.0112250935749348,0.5135135135135135,2.5135135135135136,,left_only,1,cellular response to insulin stimulus
,GO:0090504,GO:BP,1.0,,1.0,0.0114745709779328,0.5176715176715176,2.5176715176715176,,left_only,1,epiboly
,GO:0001944,GO:BP,1.0,0.04403988,0.9638989169675091,0.0153086505427733,0.5550935550935551,2.518992472061064,,left_only,1,vasculature development
,GO:0044237,GO:BP,1.0,0.005778271,0.51985559566787,,1.0,2.51985559566787,,left_only,1,cellular metabolic process
,GO:1901989,GO:BP,1.0,,1.0,0.011975468470909,0.5218295218295218,2.5218295218295217,,left_only,1,positive regulation of cell cycle phase transition
,GO:0001159,GO:MF,1.0,0.03825035,0.9169675090252708,0.0178272025449138,0.604989604989605,2.5219571140148758,,left_only,1,core promoter proximal region DNA binding
,GO:0048806,GO:BP,1.0,,1.0,0.0119874863720236,0.5239085239085239,2.523908523908524,,left_only,1,genitalia development
,GO:0001708,GO:BP,1.0,,1.0,0.0128772794362513,0.525987525987526,2.525987525987526,3.08104971459627e-05,both,0,cell fate specification
,GO:0040020,GO:BP,1.0,,1.0,0.0133543936338664,0.5301455301455301,2.5301455301455302,,left_only,1,regulation of meiotic nuclear division
,GO:0061308,GO:BP,1.0,0.006555618,0.5306859205776173,,1.0,2.5306859205776173,,left_only,1,cardiac neural crest cell development involved in heart development
,GO:0045577,GO:BP,1.0,,1.0,0.0138064330758096,0.5322245322245323,2.5322245322245323,,left_only,1,regulation of B cell differentiation
,GO:0048665,GO:BP,1.0,,1.0,0.0138093288200392,0.5343035343035343,2.5343035343035343,,left_only,1,neuron fate specification
,GO:0048839,GO:BP,1.0,,1.0,0.0139250404979662,0.5384615384615384,2.5384615384615383,,left_only,1,inner ear development
,GO:0045236,GO:MF,1.0,,1.0,0.0141866050479642,0.5405405405405406,2.5405405405405403,,left_only,1,CXCR chemokine receptor binding
,GO:0043170,GO:BP,1.0,0.0070016,0.5415162454873647,,1.0,2.5415162454873648,0.015673006805254,both,0,macromolecule metabolic process
,GO:0035904,GO:BP,1.0,,1.0,0.0146968533392677,0.5426195426195426,2.5426195426195424,,left_only,1,aorta development
,GO:1903902,GO:BP,1.0,,1.0,0.0150573065503632,0.5446985446985447,2.544698544698545,,left_only,1,positive regulation of viral life cycle
,GO:0021537,GO:BP,1.0,0.008174731999999999,0.5487364620938628,,1.0,2.5487364620938626,,left_only,1,telencephalon development
,GO:0030104,GO:BP,1.0,,1.0,0.0151938162920967,0.5509355509355509,2.550935550935551,,left_only,1,water homeostasis
,GO:0060675,GO:BP,1.0,0.008262139,0.5523465703971119,,1.0,2.5523465703971118,,left_only,1,ureteric bud morphogenesis
,GO:0072525,GO:BP,1.0,,1.0,0.015305596111672,0.553014553014553,2.553014553014553,,left_only,1,pyridine-containing compound biosynthetic process
,GO:0021871,GO:BP,1.0,0.008351128000000001,0.555956678700361,,1.0,2.555956678700361,,left_only,1,forebrain regionalization
,GO:0000989,GO:MF,1.0,,1.0,0.0154472036883069,0.5571725571725572,2.5571725571725574,,left_only,1,"transcription factor activity, transcription factor binding"
,GO:0019827,GO:BP,1.0,,1.0,0.015510842082753,0.5592515592515592,2.5592515592515594,,left_only,1,stem cell population maintenance
,GO:2000677,GO:BP,1.0,,1.0,0.0155161450548875,0.5613305613305614,2.5613305613305615,,left_only,1,regulation of transcription regulatory region DNA binding
,GO:0061061,GO:BP,1.0,0.04355477,0.9530685920577617,0.0180640305672628,0.6091476091476091,2.562216201205371,2.00275936184958e-07,both,0,muscle structure development
,GO:0001755,GO:BP,1.0,0.009220452,0.5631768953068592,,1.0,2.563176895306859,,left_only,1,neural crest cell migration
,GO:0090307,GO:BP,1.0,,1.0,0.0156650656058678,0.5634095634095634,2.5634095634095635,,left_only,1,mitotic spindle assembly
0.00151582812948916,GO:0140110,GO:MF,0.5636363636363636,,1.0,,1.0,2.5636363636363635,1.5578929659628503e-08,both,0,transcription regulator activity
,GO:0032781,GO:BP,1.0,,1.0,0.0156998420955335,0.5654885654885655,2.5654885654885655,,left_only,1,positive regulation of ATPase activity
,GO:1901990,GO:BP,1.0,,1.0,0.0157818851261965,0.5675675675675675,2.5675675675675675,,left_only,1,regulation of mitotic cell cycle phase transition
,GO:1902043,GO:BP,1.0,,1.0,0.0158756292220284,0.5696465696465697,2.5696465696465696,,left_only,1,positive regulation of extrinsic apoptotic signaling pathway via death domain receptors
,GO:0072078,GO:BP,1.0,0.009548757,0.5703971119133574,,1.0,2.5703971119133575,,left_only,1,nephron tubule morphogenesis
,GO:0044058,GO:BP,1.0,,1.0,0.0162942123221611,0.5717255717255717,2.5717255717255716,,left_only,1,regulation of digestive system process
,GO:0060632,GO:BP,1.0,,1.0,0.0163933811376266,0.5738045738045738,2.5738045738045736,,left_only,1,regulation of microtubule-based movement
,GO:0043066,GO:BP,1.0,0.009894667,0.5740072202166066,,1.0,2.5740072202166067,,left_only,1,negative regulation of apoptotic process
,GO:0055002,GO:BP,1.0,,1.0,0.0165216592256896,0.5758835758835759,2.5758835758835756,,left_only,1,striated muscle cell development
,GO:0006544,GO:BP,1.0,,1.0,0.0165977833263119,0.577962577962578,2.577962577962578,,left_only,1,glycine metabolic process
,GO:0007202,GO:BP,1.0,,1.0,0.0166858188548951,0.5821205821205822,2.582120582120582,,left_only,1,activation of phospholipase C activity
,GO:0045598,GO:BP,1.0,,1.0,0.0168147426216241,0.5841995841995842,2.584199584199584,,left_only,1,regulation of fat cell differentiation
,GO:0000988,GO:MF,1.0,,1.0,0.0170510487887846,0.5862785862785863,2.586278586278586,,left_only,1,"transcription factor activity, protein binding"
,GO:0007265,GO:BP,1.0,,1.0,0.0170878435638444,0.5883575883575883,2.5883575883575882,,left_only,1,Ras protein signal transduction
,GO:0007029,GO:BP,1.0,,1.0,0.0170908553532065,0.5904365904365905,2.5904365904365907,,left_only,1,endoplasmic reticulum organization
,GO:0060441,GO:BP,1.0,0.01043569,0.592057761732852,,1.0,2.592057761732852,,left_only,1,epithelial tube branching involved in lung morphogenesis
,GO:0060444,GO:BP,1.0,,1.0,0.0171059995801621,0.5925155925155925,2.5925155925155927,,left_only,1,branching involved in mammary gland duct morphogenesis
,GO:0072028,GO:BP,1.0,0.01081369,0.5956678700361011,,1.0,2.595667870036101,,left_only,1,nephron morphogenesis
,GO:0007176,GO:BP,1.0,,1.0,0.017580261669488,0.5966735966735967,2.5966735966735968,,left_only,1,regulation of epidermal growth factor-activated receptor activity
,GO:0098727,GO:BP,1.0,,1.0,0.0176137299370089,0.5987525987525988,2.598752598752599,,left_only,1,maintenance of cell number
,GO:0072088,GO:BP,1.0,0.01082244,0.6028880866425993,,1.0,2.6028880866425994,,left_only,1,nephron epithelium morphogenesis
,GO:0046580,GO:BP,1.0,0.01112956,0.6064981949458483,,1.0,2.606498194945848,,left_only,1,negative regulation of Ras protein signal transduction
,GO:0072358,GO:BP,1.0,,1.0,0.0179974749639645,0.6070686070686071,2.607068607068607,,left_only,1,cardiovascular system development
,GO:0007224,GO:BP,1.0,0.011149700000000002,0.6101083032490975,,1.0,2.6101083032490973,,left_only,1,smoothened signaling pathway
,GO:0003279,GO:BP,1.0,0.02184879,0.7653429602888087,0.0367603635551845,0.8482328482328483,2.6135758085216567,,left_only,1,cardiac septum development
,GO:0001823,GO:BP,1.0,0.0116611,0.6137184115523465,,1.0,2.6137184115523464,0.00146444001397265,both,0,mesonephros development
,GO:0035019,GO:BP,1.0,,1.0,0.0183047425722356,0.6153846153846154,2.6153846153846154,,left_only,1,somatic stem cell population maintenance
,GO:0010604,GO:BP,1.0,0.01227957,0.6173285198555957,,1.0,2.6173285198555956,1.1806270800210001e-05,both,0,positive regulation of macromolecule metabolic process
,GO:0071385,GO:BP,1.0,,1.0,0.0184851325639154,0.6174636174636174,2.6174636174636174,,left_only,1,cellular response to glucocorticoid stimulus
,GO:0003143,GO:BP,1.0,,1.0,0.0187927769227849,0.6195426195426196,2.6195426195426195,,left_only,1,embryonic heart tube morphogenesis
,GO:0010107,GO:BP,1.0,,1.0,0.0187957522258142,0.6216216216216216,2.6216216216216215,,left_only,1,potassium ion import
,GO:0043525,GO:BP,1.0,,1.0,0.0188304510466968,0.6237006237006237,2.623700623700624,,left_only,1,positive regulation of neuron apoptotic process
,GO:0044238,GO:BP,1.0,0.01266013,0.6245487364620939,,1.0,2.624548736462094,,left_only,1,primary metabolic process
,GO:0051651,GO:BP,1.0,,1.0,0.0189076432359614,0.6257796257796258,2.625779625779626,,left_only,1,maintenance of location in cell
,GO:0030540,GO:BP,1.0,,1.0,0.0192407550627523,0.6278586278586279,2.627858627858628,,left_only,1,female genitalia development
,GO:0071384,GO:BP,1.0,,1.0,0.0196070333799057,0.6299376299376299,2.62993762993763,,left_only,1,cellular response to corticosteroid stimulus
,GO:0072006,GO:BP,1.0,0.01296536,0.631768953068592,,1.0,2.631768953068592,,left_only,1,nephron development
,GO:0045665,GO:BP,1.0,,1.0,0.0198081005929676,0.632016632016632,2.632016632016632,,left_only,1,negative regulation of neuron differentiation
,GO:0002566,GO:BP,1.0,,1.0,0.0199910659455175,0.6340956340956341,2.634095634095634,,left_only,1,somatic diversification of immune receptors via somatic mutation
,GO:0072001,GO:BP,1.0,0.01347643,0.6389891696750902,,1.0,2.6389891696750905,4.2190837857006105e-06,both,0,renal system development
,GO:0043067,GO:BP,1.0,,1.0,0.0206535708533433,0.6403326403326404,2.64033264033264,,left_only,1,regulation of programmed cell death
,GO:0002573,GO:BP,1.0,,1.0,0.0207149696013638,0.6424116424116424,2.642411642411642,,left_only,1,myeloid leukocyte differentiation
,GO:0030917,GO:BP,1.0,0.01349626,0.6425992779783394,,1.0,2.6425992779783396,,left_only,1,midbrain-hindbrain boundary development
,GO:0009798,GO:BP,1.0,,1.0,0.0207697881213569,0.6444906444906445,2.6444906444906446,,left_only,1,axis specification
,GO:0060323,GO:BP,1.0,,1.0,0.0212912893360721,0.6465696465696466,2.6465696465696467,,left_only,1,head morphogenesis
,GO:0043586,GO:BP,1.0,,1.0,0.0213003444890175,0.6486486486486487,2.6486486486486487,,left_only,1,tongue development
,GO:0072189,GO:BP,1.0,0.01495985,0.6498194945848376,,1.0,2.6498194945848375,,left_only,1,ureter development
,GO:2000272,GO:BP,1.0,,1.0,0.0213598848572107,0.6507276507276507,2.6507276507276507,,left_only,1,negative regulation of receptor activity
,GO:0070491,GO:MF,1.0,,1.0,0.0214728744444613,0.6528066528066528,2.6528066528066527,,left_only,1,repressing transcription factor binding
,GO:0003401,GO:BP,1.0,0.01501354,0.6534296028880866,,1.0,2.6534296028880866,,left_only,1,axis elongation
,GO:0030900,GO:BP,1.0,0.02123187,0.7545126353790613,0.0413141974707242,0.9002079002079002,2.6547205355869616,,left_only,1,forebrain development
,GO:0044344,GO:BP,1.0,,1.0,0.02158951405407,0.6548856548856549,2.6548856548856548,,left_only,1,cellular response to fibroblast growth factor stimulus
,GO:0032366,GO:BP,1.0,,1.0,0.0217272545786524,0.656964656964657,2.6569646569646572,,left_only,1,intracellular sterol transport
,GO:0030154,GO:BP,1.0,0.01552484,0.6570397111913358,,1.0,2.6570397111913358,2.6229769062891893e-06,both,0,cell differentiation
,GO:0032367,GO:BP,1.0,,1.0,0.0217272545786524,0.659043659043659,2.6590436590436592,,left_only,1,intracellular cholesterol transport
,GO:0007096,GO:BP,1.0,,1.0,0.0217684827057711,0.6611226611226612,2.6611226611226613,,left_only,1,regulation of exit from mitosis
,GO:0014037,GO:BP,1.0,,1.0,0.0219399847799624,0.6632016632016632,2.6632016632016633,,left_only,1,Schwann cell differentiation
,GO:0061333,GO:BP,1.0,0.01615577,0.6642599277978339,,1.0,2.664259927797834,,left_only,1,renal tubule morphogenesis
,GO:0031210,GO:MF,1.0,,1.0,0.0221404943911225,0.6652806652806653,2.6652806652806653,,left_only,1,phosphatidylcholine binding
,GO:0050997,GO:MF,1.0,,1.0,0.0221404943911225,0.6673596673596673,2.6673596673596673,,left_only,1,quaternary ammonium group binding
,GO:0060349,GO:BP,1.0,0.01624914,0.6678700361010831,,1.0,2.667870036101083,8.47003908730433e-05,both,0,bone morphogenesis
,GO:0045595,GO:BP,1.0,0.01668682,0.6895306859205776,0.0495924462167544,0.9792099792099792,2.668740665130557,,left_only,1,regulation of cell differentiation
,GO:0086013,GO:BP,1.0,,1.0,0.0225286165451153,0.6694386694386695,2.6694386694386694,,left_only,1,membrane repolarization during cardiac muscle cell action potential
,GO:0042994,GO:BP,1.0,,1.0,0.0226234073236551,0.6715176715176715,2.6715176715176714,,left_only,1,cytoplasmic sequestering of transcription factor
,GO:0006936,GO:BP,1.0,0.03004482,0.8628158844765343,0.0343447781149419,0.8108108108108109,2.673626695287345,,left_only,1,muscle contraction
,GO:0035148,GO:BP,1.0,0.01647214,0.6750902527075813,,1.0,2.675090252707581,,left_only,1,tube formation
,GO:0051445,GO:BP,1.0,,1.0,0.0230310394063032,0.6756756756756757,2.6756756756756754,,left_only,1,regulation of meiotic cell cycle
,GO:0019829,GO:MF,1.0,,1.0,0.023228986185851005,0.6777546777546778,2.677754677754678,,left_only,1,cation-transporting ATPase activity
,GO:0072087,GO:BP,1.0,0.01658236,0.6787003610108303,,1.0,2.67870036101083,,left_only,1,renal vesicle development
,GO:0008283,GO:BP,1.0,,1.0,0.0234259865661407,0.6798336798336798,2.67983367983368,,left_only,1,cell proliferation
,GO:0098751,GO:BP,1.0,,1.0,0.0234588618446124,0.681912681912682,2.681912681912682,,left_only,1,bone cell development
,GO:0048869,GO:BP,1.0,0.01661804,0.6823104693140795,,1.0,2.6823104693140793,9.3434680311094e-06,both,0,cellular developmental process
,GO:0032410,GO:BP,1.0,,1.0,0.0236117205278687,0.683991683991684,2.683991683991684,,left_only,1,negative regulation of transporter activity
,GO:0071774,GO:BP,1.0,,1.0,0.0236772677258913,0.6860706860706861,2.686070686070686,,left_only,1,response to fibroblast growth factor
,GO:0003714,GO:MF,1.0,,1.0,0.0237092957150993,0.6881496881496881,2.688149688149688,,left_only,1,transcription corepressor activity
,GO:0070034,GO:MF,1.0,,1.0,0.0237645070178053,0.6902286902286903,2.6902286902286905,,left_only,1,telomerase RNA binding
,GO:0002710,GO:BP,1.0,,1.0,0.024155899115979,0.6923076923076923,2.6923076923076925,,left_only,1,negative regulation of T cell mediated immunity
,GO:0060602,GO:BP,1.0,0.01695591,0.6931407942238267,,1.0,2.693140794223827,,left_only,1,branch elongation of an epithelium
,GO:0086003,GO:BP,1.0,,1.0,0.0243285048932957,0.6943866943866944,2.6943866943866945,,left_only,1,cardiac muscle cell contraction
,GO:0048524,GO:BP,1.0,,1.0,0.0245910178406442,0.6964656964656964,2.6964656964656966,,left_only,1,positive regulation of viral process
,GO:0060993,GO:BP,1.0,0.01733644,0.6967509025270758,,1.0,2.696750902527076,,left_only,1,kidney morphogenesis
,GO:0030316,GO:BP,1.0,,1.0,0.0246182567990723,0.6985446985446986,2.6985446985446986,,left_only,1,osteoclast differentiation
,GO:0072201,GO:BP,1.0,0.01840537,0.7003610108303249,,1.0,2.700361010830325,,left_only,1,negative regulation of mesenchymal cell proliferation
,GO:0032941,GO:BP,1.0,,1.0,0.0246191933307216,0.7006237006237006,2.7006237006237006,,left_only,1,secretion by tissue
,GO:0050732,GO:BP,1.0,,1.0,0.0247768058197421,0.7027027027027027,2.7027027027027026,,left_only,1,negative regulation of peptidyl-tyrosine phosphorylation
,GO:0008593,GO:BP,1.0,,1.0,0.0249026472947884,0.7047817047817048,2.7047817047817047,,left_only,1,regulation of Notch signaling pathway
,GO:1901379,GO:BP,1.0,,1.0,0.02499679410399,0.7068607068607069,2.7068607068607067,,left_only,1,regulation of potassium ion transmembrane transport
,GO:0048147,GO:BP,1.0,,1.0,0.0253625754179576,0.7089397089397089,2.7089397089397087,,left_only,1,negative regulation of fibroblast proliferation
,GO:0042056,GO:MF,1.0,,1.0,0.0253851287888219,0.7110187110187111,2.711018711018711,,left_only,1,chemoattractant activity
,GO:0030224,GO:BP,1.0,,1.0,0.0259396099746191,0.7130977130977131,2.713097713097713,,left_only,1,monocyte differentiation
,GO:0014032,GO:BP,1.0,0.01921753,0.7148014440433214,,1.0,2.7148014440433212,,left_only,1,neural crest cell development
,GO:1903131,GO:BP,1.0,,1.0,0.0259396099746191,0.7151767151767152,2.715176715176715,,left_only,1,mononuclear cell differentiation
,GO:0000030,GO:MF,1.0,,1.0,0.0260792887232739,0.7172557172557172,2.7172557172557172,,left_only,1,mannosyltransferase activity
,GO:0003231,GO:BP,1.0,0.01923113,0.7184115523465704,,1.0,2.7184115523465704,,left_only,1,cardiac ventricle development
,GO:0004402,GO:MF,1.0,,1.0,0.0261370744205254,0.7193347193347194,2.7193347193347193,,left_only,1,histone acetyltransferase activity
,GO:0061733,GO:MF,1.0,,1.0,0.0261907533841375,0.7214137214137214,2.7214137214137213,,left_only,1,peptide-lysine-N-acetyltransferase activity
,GO:0000920,GO:BP,1.0,,1.0,0.0267037387829906,0.7234927234927235,2.7234927234927238,,left_only,1,cell separation after cytokinesis
,GO:0001508,GO:BP,1.0,,1.0,0.0267967185314655,0.7255717255717256,2.725571725571726,,left_only,1,action potential
,GO:0006939,GO:BP,1.0,0.02025321,0.7256317689530686,,1.0,2.7256317689530687,,left_only,1,smooth muscle contraction
,GO:0048566,GO:BP,1.0,,1.0,0.0268172658034066,0.7276507276507277,2.727650727650728,,left_only,1,embryonic digestive tract development
,GO:0003281,GO:BP,1.0,0.020861,0.7292418772563177,,1.0,2.729241877256318,,left_only,1,ventricular septum development
,GO:0042475,GO:BP,1.0,,1.0,0.0269264986250049,0.7297297297297297,2.72972972972973,,left_only,1,odontogenesis of dentin-containing tooth
,GO:0042391,GO:BP,1.0,,1.0,0.0271868074876737,0.7318087318087318,2.731808731808732,,left_only,1,regulation of membrane potential
,GO:0001655,GO:BP,1.0,0.02086227,0.7328519855595668,,1.0,2.7328519855595665,1.2309203091734199e-06,both,0,urogenital system development
,GO:0001938,GO:BP,1.0,,1.0,0.0273175182202493,0.7338877338877339,2.733887733887734,,left_only,1,positive regulation of endothelial cell proliferation
,GO:0051093,GO:BP,1.0,,1.0,0.0275591491033977,0.735966735966736,2.735966735966736,,left_only,1,negative regulation of developmental process
,GO:0000003,GO:BP,1.0,0.0209317,0.7364620938628159,,1.0,2.7364620938628157,,left_only,1,reproduction
,GO:0022414,GO:BP,1.0,0.02097441,0.740072202166065,,1.0,2.740072202166065,,left_only,1,reproductive process
,GO:0090103,GO:BP,1.0,,1.0,0.0276902618119031,0.7401247401247402,2.74012474012474,,left_only,1,cochlea morphogenesis
,GO:0046961,GO:MF,1.0,,1.0,0.0278047972579344,0.7422037422037422,2.742203742203742,,left_only,1,"proton-transporting ATPase activity, rotational mechanism"
,GO:0001568,GO:BP,1.0,,1.0,0.0278631190352382,0.7442827442827443,2.7442827442827444,,left_only,1,blood vessel development
,GO:0001937,GO:BP,1.0,,1.0,0.028078135999149,0.7463617463617463,2.7463617463617465,,left_only,1,negative regulation of endothelial cell proliferation
,GO:0072283,GO:BP,1.0,0.02114749,0.7472924187725631,,1.0,2.747292418772563,,left_only,1,metanephric renal vesicle morphogenesis
,GO:1901381,GO:BP,1.0,,1.0,0.0285840335445963,0.7484407484407485,2.7484407484407485,,left_only,1,positive regulation of potassium ion transmembrane transport
,GO:0050885,GO:BP,1.0,,1.0,0.0287576599426174,0.7505197505197505,2.7505197505197505,,left_only,1,neuromuscular process controlling balance
,GO:0051147,GO:BP,1.0,0.02120423,0.7509025270758123,,1.0,2.7509025270758123,0.0239044706133317,both,0,regulation of muscle cell differentiation
,GO:0030098,GO:BP,1.0,,1.0,0.0291719994439329,0.7525987525987526,2.7525987525987525,,left_only,1,lymphocyte differentiation
,GO:0051146,GO:BP,1.0,,1.0,0.0293268826159262,0.7567567567567568,2.756756756756757,0.00780713562837833,both,0,striated muscle cell differentiation
,GO:0048663,GO:BP,1.0,,1.0,0.0293788888428208,0.7588357588357588,2.758835758835759,,left_only,1,neuron fate commitment
,GO:0001078,GO:MF,1.0,0.02155037,0.7617328519855595,,1.0,2.7617328519855597,,left_only,1,"transcriptional repressor activity, RNA polymerase II core promoter proximal region sequence-specific binding"
,GO:1901987,GO:BP,1.0,,1.0,0.0298804079536252,0.762993762993763,2.762993762993763,,left_only,1,regulation of cell cycle phase transition
,GO:0098632,GO:MF,1.0,,1.0,0.0299874989075823,0.7650727650727651,2.765072765072765,,left_only,1,protein binding involved in cell-cell adhesion
,GO:0039702,GO:BP,1.0,,1.0,0.0305508117534568,0.7671517671517671,2.767151767151767,,left_only,1,viral budding via host ESCRT complex
,GO:0001657,GO:BP,1.0,0.02211029,0.7689530685920578,,1.0,2.768953068592058,0.0245658567119604,both,0,ureteric bud development
,GO:1902305,GO:BP,1.0,,1.0,0.0305768473008346,0.7692307692307693,2.769230769230769,,left_only,1,regulation of sodium ion transmembrane transport
,GO:0048745,GO:BP,1.0,,1.0,0.0306826865109827,0.7713097713097713,2.771309771309771,,left_only,1,smooth muscle tissue development
,GO:0061029,GO:BP,1.0,0.02218015,0.7725631768953068,,1.0,2.7725631768953067,,left_only,1,eyelid development in camera-type eye
,GO:0048863,GO:BP,1.0,,1.0,0.0315028579233145,0.7754677754677755,2.7754677754677752,,left_only,1,stem cell differentiation
,GO:0072164,GO:BP,1.0,0.02239465,0.776173285198556,,1.0,2.776173285198556,0.0257846897694532,both,0,mesonephric tubule development
,GO:0016755,GO:MF,1.0,,1.0,0.0317855512706918,0.7775467775467776,2.7775467775467777,,left_only,1,"transferase activity, transferring amino-acyl groups"
,GO:0045125,GO:MF,1.0,,1.0,0.031961841491632004,0.7796257796257796,2.7796257796257797,,left_only,1,bioactive lipid receptor activity
,GO:0010464,GO:BP,1.0,0.02281833,0.779783393501805,,1.0,2.779783393501805,,left_only,1,regulation of mesenchymal cell proliferation
,GO:0000288,GO:BP,1.0,,1.0,0.0320056536607579,0.7817047817047817,2.7817047817047817,,left_only,1,"nuclear-transcribed mRNA catabolic process, deadenylation-dependent decay"
,GO:0008173,GO:MF,1.0,,1.0,0.032160160078999,0.7837837837837838,2.7837837837837838,,left_only,1,RNA methyltransferase activity
,GO:0090026,GO:BP,1.0,,1.0,0.0324980895216205,0.7858627858627859,2.785862785862786,,left_only,1,positive regulation of monocyte chemotaxis
,GO:0060449,GO:BP,1.0,0.02311748,0.7870036101083032,,1.0,2.7870036101083033,,left_only,1,bud elongation involved in lung branching
,GO:0048384,GO:BP,1.0,,1.0,0.032584909153704,0.7879417879417879,2.787941787941788,,left_only,1,retinoic acid receptor signaling pathway
,GO:0048634,GO:BP,1.0,,1.0,0.0329159539814659,0.7900207900207901,2.7900207900207903,0.00107859487318839,both,0,regulation of muscle organ development
,GO:0014031,GO:BP,1.0,0.02355669,0.7906137184115524,,1.0,2.7906137184115525,,left_only,1,mesenchymal cell development
,GO:0022408,GO:BP,1.0,,1.0,0.0329554281399584,0.7920997920997921,2.7920997920997923,,left_only,1,negative regulation of cell-cell adhesion
,GO:0045444,GO:BP,1.0,,1.0,0.0330825823728181,0.7941787941787942,2.7941787941787943,,left_only,1,fat cell differentiation
,GO:0035050,GO:BP,1.0,,1.0,0.0332101446425534,0.7962577962577962,2.7962577962577964,,left_only,1,embryonic heart tube development
,GO:0001658,GO:BP,1.0,0.02466745,0.7978339350180506,,1.0,2.7978339350180503,,left_only,1,branching involved in ureteric bud morphogenesis
,GO:0016601,GO:BP,1.0,,1.0,0.033544353440968,0.7983367983367984,2.7983367983367984,,left_only,1,Rac protein signal transduction
,GO:0034212,GO:MF,1.0,,1.0,0.0335718207150603,0.8004158004158004,2.8004158004158004,,left_only,1,peptide N-acetyltransferase activity
,GO:0021930,GO:BP,1.0,0.02479239,0.8014440433212996,,1.0,2.8014440433212995,,left_only,1,cerebellar granule cell precursor proliferation
,GO:0060415,GO:BP,1.0,,1.0,0.0336255717108402,0.8024948024948025,2.8024948024948024,,left_only,1,muscle tissue morphogenesis
,GO:0016236,GO:BP,1.0,,1.0,0.0336419684223369,0.8045738045738046,2.8045738045738045,,left_only,1,macroautophagy
,GO:0071704,GO:BP,1.0,0.02482329,0.8050541516245487,,1.0,2.8050541516245486,,left_only,1,organic substance metabolic process
,GO:0007035,GO:BP,1.0,,1.0,0.0336866603956129,0.8066528066528067,2.8066528066528065,,left_only,1,vacuolar acidification
,GO:0030324,GO:BP,1.0,0.02490942,0.8086642599277978,,1.0,2.808664259927798,,left_only,1,lung development
,GO:0043462,GO:BP,1.0,,1.0,0.0341542163936056,0.8087318087318087,2.8087318087318085,,left_only,1,regulation of ATPase activity
,GO:0042308,GO:BP,1.0,,1.0,0.0345270111221637,0.8128898128898129,2.812889812889813,,left_only,1,negative regulation of protein import into nucleus
,GO:1904590,GO:BP,1.0,,1.0,0.0345270111221637,0.814968814968815,2.814968814968815,,left_only,1,negative regulation of protein import
,GO:0060048,GO:BP,1.0,,1.0,0.0345662963939532,0.817047817047817,2.817047817047817,,left_only,1,cardiac muscle contraction
,GO:0022402,GO:BP,1.0,,1.0,0.0350788560257682,0.8191268191268192,2.819126819126819,,left_only,1,cell cycle process
,GO:0007589,GO:BP,1.0,,1.0,0.0351420891382764,0.8212058212058212,2.821205821205821,,left_only,1,body fluid secretion
,GO:0021534,GO:BP,1.0,0.02535404,0.8231046931407943,,1.0,2.8231046931407944,,left_only,1,cell proliferation in hindbrain
,GO:1902692,GO:BP,1.0,,1.0,0.0351556998771812,0.8232848232848233,2.8232848232848236,,left_only,1,regulation of neuroblast proliferation
,GO:0032868,GO:BP,1.0,,1.0,0.0354067939083681,0.8253638253638254,2.8253638253638256,,left_only,1,response to insulin
,GO:0030539,GO:BP,1.0,,1.0,0.0355508758263624,0.8274428274428275,2.8274428274428276,,left_only,1,male genitalia development
,GO:0015813,GO:BP,1.0,,1.0,0.0358096463936376,0.8295218295218295,2.8295218295218296,,left_only,1,L-glutamate transport
,GO:2001016,GO:BP,1.0,0.02546394,0.8303249097472925,,1.0,2.8303249097472927,,left_only,1,positive regulation of skeletal muscle cell differentiation
,GO:0042981,GO:BP,1.0,,1.0,0.0358544300310271,0.8316008316008316,2.8316008316008316,,left_only,1,regulation of apoptotic process
,GO:0044772,GO:BP,1.0,,1.0,0.0360533461261801,0.8336798336798337,2.8336798336798337,,left_only,1,mitotic cell cycle phase transition
,GO:0046755,GO:BP,1.0,,1.0,0.0360536680294543,0.8357588357588358,2.8357588357588357,,left_only,1,viral budding
,GO:0072273,GO:BP,1.0,0.02568119,0.8375451263537906,,1.0,2.8375451263537905,,left_only,1,metanephric nephron morphogenesis
,GO:1902590,GO:BP,1.0,,1.0,0.0360536680294543,0.8378378378378378,2.8378378378378377,,left_only,1,multi-organism organelle organization
,GO:1902592,GO:BP,1.0,,1.0,0.0360536680294543,0.83991683991684,2.8399168399168397,,left_only,1,multi-organism membrane budding
,GO:0021801,GO:BP,1.0,,1.0,0.0361068514969308,0.841995841995842,2.8419958419958418,,left_only,1,cerebral cortex radial glia guided migration
,GO:0022030,GO:BP,1.0,,1.0,0.0361068514969308,0.8440748440748441,2.8440748440748442,,left_only,1,telencephalon glial cell migration
,GO:0048864,GO:BP,1.0,0.02827519,0.8447653429602888,,1.0,2.844765342960289,,left_only,1,stem cell development
,GO:0051899,GO:BP,1.0,,1.0,0.0365592608026478,0.8461538461538461,2.8461538461538463,,left_only,1,membrane depolarization
,GO:0043241,GO:BP,1.0,,1.0,0.0367814383082496,0.8503118503118503,2.8503118503118503,,left_only,1,protein complex disassembly
,GO:0042692,GO:BP,1.0,,1.0,0.0368222170155292,0.8523908523908524,2.8523908523908523,0.0394175260400403,both,0,muscle cell differentiation
,GO:0017147,GO:MF,1.0,,1.0,0.0370591735162803,0.8544698544698545,2.8544698544698544,,left_only,1,Wnt-protein binding
,GO:0048699,GO:BP,1.0,0.02958691,0.855595667870036,,1.0,2.855595667870036,,left_only,1,generation of neurons
,GO:0008009,GO:MF,1.0,,1.0,0.0372056074648418,0.8565488565488566,2.856548856548857,,left_only,1,chemokine activity
,GO:0048644,GO:BP,1.0,,1.0,0.0372408506372352,0.8586278586278586,2.858627858627859,,left_only,1,muscle organ morphogenesis
,GO:0030323,GO:BP,1.0,0.02979121,0.8592057761732852,,1.0,2.859205776173285,,left_only,1,respiratory tube development
,GO:0043616,GO:BP,1.0,,1.0,0.0377559298047824,0.8627858627858628,2.862785862785863,,left_only,1,keratinocyte proliferation
,GO:0021513,GO:BP,1.0,,1.0,0.0383931502175101,0.8648648648648649,2.864864864864865,,left_only,1,spinal cord dorsal/ventral patterning
,GO:0009893,GO:BP,1.0,0.03058604,0.8664259927797834,,1.0,2.8664259927797833,2.09131219010116e-05,both,0,positive regulation of metabolic process
,GO:0003091,GO:BP,1.0,,1.0,0.0386552793711225,0.8669438669438669,2.866943866943867,,left_only,1,renal water homeostasis
,GO:0007049,GO:BP,1.0,,1.0,0.0390880577695706,0.8690228690228691,2.869022869022869,,left_only,1,cell cycle
,GO:0003338,GO:BP,1.0,0.03145897,0.8700361010830325,,1.0,2.8700361010830324,,left_only,1,metanephros morphogenesis
,GO:0055102,GO:MF,1.0,,1.0,0.03914012766316,0.8711018711018711,2.871101871101871,,left_only,1,lipase inhibitor activity
0.036619505409836,GO:0001228,GO:MF,0.8727272727272727,,1.0,,1.0,2.8727272727272726,5.3075576969749815e-12,both,0,"DNA-binding transcription activator activity, RNA polymerase II-specific"
,GO:0051020,GO:MF,1.0,,1.0,0.0393965374758704,0.8731808731808732,2.873180873180873,,left_only,1,GTPase binding
,GO:0045682,GO:BP,1.0,0.03221707,0.8736462093862816,,1.0,2.8736462093862816,,left_only,1,regulation of epidermis development
,GO:0031440,GO:BP,1.0,,1.0,0.0397419743981135,0.8752598752598753,2.875259875259875,,left_only,1,regulation of mRNA 3'-end processing
,GO:0050768,GO:BP,1.0,,1.0,0.0403698925535087,0.8773388773388774,2.8773388773388775,,left_only,1,negative regulation of neurogenesis
,GO:0042992,GO:BP,1.0,,1.0,0.0403890661790044,0.8794178794178794,2.8794178794178795,,left_only,1,negative regulation of transcription factor import into nucleus
,GO:0033158,GO:BP,1.0,,1.0,0.0405490788496383,0.8814968814968815,2.8814968814968815,,left_only,1,"regulation of protein import into nucleus, translocation"
,GO:0000154,GO:BP,1.0,,1.0,0.0405953558608562,0.8835758835758836,2.8835758835758836,,left_only,1,rRNA modification
,GO:0014033,GO:BP,1.0,0.03389266,0.8844765342960289,,1.0,2.884476534296029,,left_only,1,neural crest cell differentiation
,GO:1903038,GO:BP,1.0,,1.0,0.0407238570147683,0.8856548856548857,2.8856548856548856,,left_only,1,negative regulation of leukocyte cell-cell adhesion
,GO:0046599,GO:BP,1.0,,1.0,0.0407575499443952,0.8877338877338877,2.8877338877338876,,left_only,1,regulation of centriole replication
,GO:0072073,GO:BP,1.0,0.03407675,0.8880866425992779,,1.0,2.888086642599278,,left_only,1,kidney epithelium development
,GO:0046337,GO:BP,1.0,,1.0,0.0409165789113213,0.8898128898128899,2.88981288981289,,left_only,1,phosphatidylethanolamine metabolic process
,GO:0001667,GO:BP,1.0,0.03462629,0.8916967509025271,,1.0,2.8916967509025273,,left_only,1,ameboidal-type cell migration
,GO:1901216,GO:BP,1.0,,1.0,0.0410715978279984,0.8918918918918919,2.891891891891892,,left_only,1,positive regulation of neuron death
,GO:0086010,GO:BP,1.0,,1.0,0.0410787779611037,0.893970893970894,2.893970893970894,,left_only,1,membrane depolarization during action potential
,GO:0009953,GO:BP,1.0,0.03598969,0.8953068592057761,,1.0,2.895306859205776,,left_only,1,dorsal/ventral pattern formation
,GO:0035282,GO:BP,1.0,,1.0,0.0411817347568224,0.896049896049896,2.896049896049896,,left_only,1,segmentation
,GO:0035725,GO:BP,1.0,,1.0,0.0412934102703935,0.8981288981288982,2.898128898128898,,left_only,1,sodium ion transmembrane transport
,GO:0043162,GO:BP,1.0,,1.0,0.041473104506018994,0.9022869022869023,2.9022869022869022,,left_only,1,ubiquitin-dependent protein catabolic process via the multivesicular body sorting pathway
,GO:0055001,GO:BP,1.0,,1.0,0.0420299742034336,0.9043659043659044,2.9043659043659042,,left_only,1,muscle cell development
,GO:0003197,GO:BP,1.0,0.03635475,0.9061371841155235,,1.0,2.9061371841155235,,left_only,1,endocardial cushion development
,GO:0032651,GO:BP,1.0,,1.0,0.0425125440318722,0.9064449064449065,2.9064449064449063,,left_only,1,regulation of interleukin-1 beta production
,GO:0001618,GO:MF,1.0,,1.0,0.0427055516668226,0.9085239085239085,2.9085239085239083,,left_only,1,virus receptor activity
0.0392892251151591,GO:0001216,GO:MF,0.9090909090909091,,1.0,,1.0,2.909090909090909,6.19223406816484e-12,both,0,DNA-binding transcription activator activity
,GO:0048854,GO:BP,1.0,,1.0,0.0429331940865294,0.9126819126819127,2.912681912681913,,left_only,1,brain morphogenesis
,GO:0031076,GO:BP,1.0,0.03681505,0.9133574007220217,,1.0,2.9133574007220218,,left_only,1,embryonic camera-type eye development
,GO:0010389,GO:BP,1.0,,1.0,0.0429521554743135,0.9147609147609148,2.914760914760915,,left_only,1,regulation of G2/M transition of mitotic cell cycle
,GO:0060333,GO:BP,1.0,,1.0,0.0432804638925361,0.9168399168399168,2.916839916839917,,left_only,1,interferon-gamma-mediated signaling pathway
,GO:0008285,GO:BP,1.0,0.03850669,0.9205776173285198,,1.0,2.9205776173285196,,left_only,1,negative regulation of cell proliferation
,GO:0003712,GO:MF,1.0,,1.0,0.0434252394105277,0.920997920997921,2.920997920997921,,left_only,1,transcription cofactor activity
,GO:0051783,GO:BP,1.0,,1.0,0.043461875129176014,0.9230769230769231,2.9230769230769234,,left_only,1,regulation of nuclear division
,GO:0050794,GO:BP,1.0,0.03914572,0.924187725631769,,1.0,2.9241877256317688,,left_only,1,regulation of cellular process
,GO:0098631,GO:MF,1.0,,1.0,0.0434993920329363,0.9251559251559252,2.9251559251559254,,left_only,1,protein binding involved in cell adhesion
,GO:0035082,GO:BP,1.0,,1.0,0.0436292471284159,0.9272349272349273,2.9272349272349274,,left_only,1,axoneme assembly
,GO:0000979,GO:MF,1.0,,1.0,0.0436331307038556,0.9293139293139293,2.9293139293139294,,left_only,1,RNA polymerase II core promoter sequence-specific DNA binding
,GO:0036442,GO:MF,1.0,,1.0,0.0437019004935717,0.9313929313929314,2.9313929313929314,,left_only,1,hydrogen-exporting ATPase activity
,GO:0021978,GO:BP,1.0,0.0394801,0.9314079422382672,,1.0,2.931407942238267,,left_only,1,telencephalon regionalization
,GO:0050927,GO:BP,1.0,,1.0,0.0439171029611975,0.9334719334719335,2.9334719334719335,,left_only,1,positive regulation of positive chemotaxis
,GO:0007420,GO:BP,1.0,0.04005315,0.9350180505415162,,1.0,2.935018050541516,,left_only,1,brain development
,GO:0006362,GO:BP,1.0,,1.0,0.0448364890680969,0.9355509355509356,2.9355509355509355,,left_only,1,transcription elongation from RNA polymerase I promoter
,GO:0055006,GO:BP,1.0,,1.0,0.0449909737910267,0.9376299376299376,2.9376299376299375,,left_only,1,cardiac cell development
,GO:0021903,GO:BP,1.0,0.04033837,0.9386281588447654,,1.0,2.9386281588447654,,left_only,1,rostrocaudal neural tube patterning
,GO:0033572,GO:BP,1.0,,1.0,0.0451269745293032,0.9397089397089398,2.9397089397089395,,left_only,1,transferrin transport
,GO:0033598,GO:BP,1.0,,1.0,0.0453839718890204,0.9417879417879418,2.9417879417879416,,left_only,1,mammary gland epithelial cell proliferation
,GO:0060592,GO:BP,1.0,0.04177823,0.9422382671480144,,1.0,2.9422382671480145,,left_only,1,mammary gland formation
,GO:0001510,GO:BP,1.0,,1.0,0.045888708772796,0.9438669438669439,2.943866943866944,,left_only,1,RNA methylation
,GO:0021953,GO:BP,1.0,0.04294073,0.9458483754512635,,1.0,2.9458483754512637,,left_only,1,central nervous system neuron differentiation
,GO:1903363,GO:BP,1.0,,1.0,0.0461286878588266,0.9459459459459459,2.945945945945946,,left_only,1,negative regulation of cellular protein catabolic process
,GO:0050926,GO:BP,1.0,,1.0,0.0466433966872183,0.9480249480249481,2.948024948024948,,left_only,1,regulation of positive chemotaxis
,GO:0031648,GO:BP,1.0,,1.0,0.0467801112952515,0.9501039501039501,2.95010395010395,,left_only,1,protein destabilization
,GO:0032465,GO:BP,1.0,,1.0,0.0472453430626007,0.9521829521829522,2.952182952182952,,left_only,1,regulation of cytokinesis
,GO:0031325,GO:BP,1.0,0.04367923,0.9566787003610109,,1.0,2.956678700361011,1.24134386398845e-05,both,0,positive regulation of cellular metabolic process
,GO:0040017,GO:BP,1.0,0.04368585,0.9602888086642599,,1.0,2.96028880866426,,left_only,1,positive regulation of locomotion
,GO:0086001,GO:BP,1.0,,1.0,0.047825943007942,0.9604989604989606,2.9604989604989607,,left_only,1,cardiac muscle cell action potential
,GO:0001671,GO:MF,1.0,,1.0,0.0481997323661398,0.9625779625779626,2.9625779625779627,,left_only,1,ATPase activator activity
,GO:0043487,GO:BP,1.0,,1.0,0.0482565050417057,0.9646569646569647,2.9646569646569647,,left_only,1,regulation of RNA stability
,GO:0015800,GO:BP,1.0,,1.0,0.0484429598004366,0.9667359667359667,2.9667359667359667,,left_only,1,acidic amino acid transport
,GO:0072077,GO:BP,1.0,0.04470327,0.9675090252707581,,1.0,2.967509025270758,,left_only,1,renal vesicle morphogenesis
,GO:0051220,GO:BP,1.0,,1.0,0.0485051381460431,0.9688149688149689,2.9688149688149688,,left_only,1,cytoplasmic sequestering of protein
,GO:0046823,GO:BP,1.0,,1.0,0.0487112217831322,0.9708939708939709,2.970893970893971,,left_only,1,negative regulation of nucleocytoplasmic transport
,GO:0060322,GO:BP,1.0,0.04482882,0.9711191335740073,,1.0,2.9711191335740073,,left_only,1,head development
,GO:0045639,GO:BP,1.0,,1.0,0.0488352888255055,0.972972972972973,2.972972972972973,,left_only,1,positive regulation of myeloid cell differentiation
,GO:2000027,GO:BP,1.0,0.04488887,0.9747292418772563,,1.0,2.9747292418772564,1.28066004053489e-05,both,0,regulation of organ morphogenesis
,GO:0036258,GO:BP,1.0,,1.0,0.0488494720605634,0.975051975051975,2.975051975051975,,left_only,1,multivesicular body assembly
,GO:2000406,GO:BP,1.0,,1.0,0.0490045511981375,0.9771309771309772,2.9771309771309773,,left_only,1,positive regulation of T cell migration
,GO:0010634,GO:BP,1.0,0.04557558,0.9783393501805054,,1.0,2.9783393501805056,,left_only,1,positive regulation of epithelial cell migration
,GO:0007051,GO:BP,1.0,,1.0,0.0499029729542201,0.9812889812889813,2.9812889812889813,,left_only,1,spindle organization
0.0496524329692154,GO:1902379,GO:MF,0.9818181818181818,,1.0,,1.0,2.981818181818182,,left_only,1,chemoattractant activity involved in axon guidance
,GO:0051704,GO:BP,1.0,0.04605355,0.9819494584837545,,1.0,2.9819494584837543,,left_only,1,multi-organism process
,GO:0032553,GO:MF,1.0,,1.0,0.0192917169766064,0.9833679833679834,2.9833679833679834,,left_only,1,ribonucleotide binding
,GO:0017076,GO:MF,1.0,,1.0,0.0208020994297139,0.9854469854469855,2.9854469854469854,,left_only,1,purine nucleotide binding
,GO:0061005,GO:BP,1.0,0.04736053,0.9855595667870036,,1.0,2.9855595667870034,,left_only,1,cell differentiation involved in kidney development
,GO:0032555,GO:MF,1.0,,1.0,0.0215006798931641,0.9875259875259875,2.9875259875259874,,left_only,1,purine ribonucleotide binding
,GO:0048546,GO:BP,1.0,0.04742539,0.9891696750902527,,1.0,2.9891696750902526,,left_only,1,digestive tract morphogenesis
,GO:0005102,GO:MF,1.0,,1.0,0.0308379398754161,0.9896049896049897,2.98960498960499,,left_only,1,receptor binding
,GO:0035639,GO:MF,1.0,,1.0,0.0327643919758923,0.9916839916839917,2.991683991683992,,left_only,1,purine ribonucleoside triphosphate binding
,GO:0003337,GO:BP,1.0,0.048365,0.9927797833935018,,1.0,2.9927797833935017,,left_only,1,mesenchymal to epithelial transition involved in metanephros morphogenesis
,GO:0030554,GO:MF,1.0,,1.0,0.0385152811862234,0.9937629937629938,2.993762993762994,,left_only,1,adenyl nucleotide binding
,GO:0032559,GO:MF,1.0,,1.0,0.0391516747164029,0.9958419958419958,2.995841995841996,,left_only,1,adenyl ribonucleotide binding
,GO:0022008,GO:BP,1.0,0.04962368,0.9963898916967509,,1.0,2.996389891696751,,left_only,1,neurogenesis
,GO:0055114,GO:BP,1.0,,1.0,0.04664391856966599,0.997920997920998,2.997920997920998,,left_only,1,oxidation-reduction process
